{"plotType":"normalTree","date":"22/10/2025, 18:20:27","originalData":{"mainDataArr":[{"fileName":"tree2_0_renamed_custom_mb","type":"treefile","fileData":"#NEXUS\n[ID: 0964692300]\nbegin taxa;\n\tdimensions ntax=122;\n\ttaxlabels\n\t\tEU047707  Cosmogoniomonas amphimena \n\t\tPQ432910  Marigoniomonas ulleungensis \n\t\tPQ436815  Marigoniomonas ulleungensis \n\t\tPQ436665  Marigoniomonas sp. \n\t\tPQ490427  Marigoniomonas sp. \n\t\tPQ443870  Marigoniomonas sp. \n\t\tPQ443871  Marigoniomonas sp. \n\t\tPQ443872  Marigoniomonas sp. \n\t\tPQ443954  Marigoniomonas sp. \n\t\tPQ443955  Marigoniomonas sp. \n\t\tPQ443957  Marigoniomonas sp. \n\t\tPQ444059  Marigoniomonas sp. \n\t\tPQ448237  Marigoniomonas lingua \n\t\tPQ448234  Marigoniomonas lingua \n\t\tPQ443867  Marigoniomonas sp. \n\t\tPQ444058  Marigoniomonas sp. \n\t\tPQ444054  Marigoniomonas sp. \n\t\tPQ436816  Poseidogoniomonas duplex \n\t\tPQ436667  Poseidogoniomonas duplex \n\t\tPQ436670  Poseidogoniomonas sp. \n\t\tPQ444052  Poseidogoniomonas sp. \n\t\tPQ444035  Poseidogoniomonas??? sp. \n\t\tPQ444034  Poseidogoniomonas sp. \n\t\tPQ444042  Poseidogoniomonas sp. \n\t\tPQ444071  Neptunogoniomonas sp. \n\t\tBEAP0271\n\t\tBEAP0296\n\t\tBEAP0351\n\t\tEF526832   sp. \n\t\tEF526920   sp. \n\t\tEF674349  Marigoniomonas sp. \n\t\tLC151286   sp. \n\t\tFJ537320   sp. \n\t\tGU824726   sp. \n\t\tKF129950   sp. \n\t\tAY642699   sp. \n\t\tAY919746   sp. \n\t\tDQ244012   sp. \n\t\tGU067784   sp. \n\t\tHQ219447   sp. \n\t\tJQ434475  Neptunogoniomonas avonlea \n\t\tLC647565  Neptunogoniomonas sp. \n\t\tAY360454  Thalassogoniomonas sp. \n\t\tAY360455  Thalassogoniomonas sp. \n\t\tAY705738  Thalassogoniomonas sp. \n\t\tLC647567  Thalassogoniomonas sp. \n\t\tAF508277  Cosmogoniomonas pacifica \n\t\tAJ536451  Cosmogoniomonas sp. \n\t\tAY360456  Cosmogoniomonas sp. \n\t\tLC647566  Cosmogoniomonas sp. \n\t\tHQ529498  Ebisugoniomonas sp. \n\t\tLC683686  Marigoniomonas sp. \n\t\tLC683681  Marigoniomonas sp. \n\t\tMT355153  Poseidogoniomonas sp. \n\t\tAB058389  Marigoniomonas sp. \n\t\tFW1-0576  Poseidogoniomonas??? sp. \n\t\tMK177625  Baltigoniomonas sp. \n\t\tKX431494  Marigoniomonas sp. \n\t\tDQ980479  Limnogoniomonas sp. \n\t\tU03072  Limnogoniomonas sp. \n\t\tHQ659565  Limnogoniomonas sp. \n\t\tON067811  Limnogoniomonas sp. \n\t\tFW1-0651  Limnogoniomonas sp. \n\t\tFW3-0548  sister to Limnogoniomonas sp. \n\t\tFW4-1155  Limnogoniomonas sp. \n\t\tFW4-1259  Limnogoniomonas sp. \n\t\tFW3-0449  Limnogoniomonas sp. \n\t\tFW5-0385  Limnogoniomonas sp. \n\t\tSL4-0466  sister to sister to Limnogoniomonas sp. \n\t\tAY360457  Goniomonas sp. \n\t\tAY360458  Aquagoniomonas????? sp. \n\t\tAY360459  Aquagoniomonas????? sp. \n\t\tAY360460  Aquagoniomonas????? sp. \n\t\tAY705740  Aquagoniomonas sp. \n\t\tLC000677  Aquagoniomonas sp. \n\t\tAY705739  sister to Aquagoniomonas+Gonimonas sp. \n\t\tFW3-0271  sister to Aquagoniomonas sp. \n\t\tFW4-1317  Goniomonas sp. \n\t\tFW4-0796  Goniomonas sp. \n\t\tBEAP0335\n\t\tBEAP0340\n\t\tBEAP0342\n\t\tBEAP0338\n\t\tBEAP0073\n\t\tBEAP0077\n\t\tBEAP0078\n\t\tBEAP0079\n\t\tBEAP0087\n\t\tBEAP0092\n\t\tBEAP0096\n\t\tBEAP0122\n\t\tBEAP0123\n\t\tBEAP0128\n\t\tBEAP0141\n\t\tBEAP0150\n\t\tBEAP0191\n\t\tBEAP0220\n\t\tBEAP0227\n\t\tHFCC162 PX132650 Limnogoniomonas fijiensis \n\t\tHFCC235\n\t\tHFCC232\n\t\tHFCC251 PX132652 Goniomonas rhenensis \n\t\tHFCC659  Aquagoniomonas sp. \n\t\tHFCC23\n\t\tHFCC163  Aquagoniomonas sp. \n\t\tHFCC5008  Aquagoniomonas sp. \n\t\tHFCC5007 PX132654 Aquagoniomonas sp. \n\t\tBEAP0122b\n\t\tHFCC22\n\t\tBEAP0077a\n\t\tBEAP0096b\n\t\tBEAP0128b\n\t\tBEAP0079a\n\t\tBEAP0092b\n\t\tHFCC1525  Neptunogoniomonas sp. \n\t\tHFCC662  Cosmogoniomonas sp. \n\t\tHFCC1598\n\t\tMW381698  Thalassogoniomonas sp. \n\t\tHFCC157 PX222342 Poseidogoniomonas sp. \n\t\tHFCC5003  Marigoniomonas sp. \n\t\tHFCC841 PX232375 Marigoniomonas sp. \n\t\tHFCC272 PX222343 Marigoniomonas sp. \n\t\t;\nend;\nbegin trees;\n\ttranslate\n\t\t1\tEU047707  Cosmogoniomonas amphimena \n\t\t2\tPQ432910  Marigoniomonas ulleungensis \n\t\t3\tPQ436815  Marigoniomonas ulleungensis \n\t\t4\tPQ436665  Marigoniomonas sp. \n\t\t5\tPQ490427  Marigoniomonas sp. \n\t\t6\tPQ443870  Marigoniomonas sp. \n\t\t7\tPQ443871  Marigoniomonas sp. \n\t\t8\tPQ443872  Marigoniomonas sp. \n\t\t9\tPQ443954  Marigoniomonas sp. \n\t\t10\tPQ443955  Marigoniomonas sp. \n\t\t11\tPQ443957  Marigoniomonas sp. \n\t\t12\tPQ444059  Marigoniomonas sp. \n\t\t13\tPQ448237  Marigoniomonas lingua \n\t\t14\tPQ448234  Marigoniomonas lingua \n\t\t15\tPQ443867  Marigoniomonas sp. \n\t\t16\tPQ444058  Marigoniomonas sp. \n\t\t17\tPQ444054  Marigoniomonas sp. \n\t\t18\tPQ436816  Poseidogoniomonas duplex \n\t\t19\tPQ436667  Poseidogoniomonas duplex \n\t\t20\tPQ436670  Poseidogoniomonas sp. \n\t\t21\tPQ444052  Poseidogoniomonas sp. \n\t\t22\tPQ444035  Poseidogoniomonas??? sp. \n\t\t23\tPQ444034  Poseidogoniomonas sp. \n\t\t24\tPQ444042  Poseidogoniomonas sp. \n\t\t25\tPQ444071  Neptunogoniomonas sp. \n\t\t26\tBEAP0271\n\t\t27\tBEAP0296\n\t\t28\tBEAP0351\n\t\t29\tEF526832   sp. \n\t\t30\tEF526920   sp. \n\t\t31\tEF674349  Marigoniomonas sp. \n\t\t32\tLC151286   sp. \n\t\t33\tFJ537320   sp. \n\t\t34\tGU824726   sp. \n\t\t35\tKF129950   sp. \n\t\t36\tAY642699   sp. \n\t\t37\tAY919746   sp. \n\t\t38\tDQ244012   sp. \n\t\t39\tGU067784   sp. \n\t\t40\tHQ219447   sp. \n\t\t41\tJQ434475  Neptunogoniomonas avonlea \n\t\t42\tLC647565  Neptunogoniomonas sp. \n\t\t43\tAY360454  Thalassogoniomonas sp. \n\t\t44\tAY360455  Thalassogoniomonas sp. \n\t\t45\tAY705738  Thalassogoniomonas sp. \n\t\t46\tLC647567  Thalassogoniomonas sp. \n\t\t47\tAF508277  Cosmogoniomonas pacifica \n\t\t48\tAJ536451  Cosmogoniomonas sp. \n\t\t49\tAY360456  Cosmogoniomonas sp. \n\t\t50\tLC647566  Cosmogoniomonas sp. \n\t\t51\tHQ529498  Ebisugoniomonas sp. \n\t\t52\tLC683686  Marigoniomonas sp. \n\t\t53\tLC683681  Marigoniomonas sp. \n\t\t54\tMT355153  Poseidogoniomonas sp. \n\t\t55\tAB058389  Marigoniomonas sp. \n\t\t56\tFW1-0576  Poseidogoniomonas??? sp. \n\t\t57\tMK177625  Baltigoniomonas sp. \n\t\t58\tKX431494  Marigoniomonas sp. \n\t\t59\tDQ980479  Limnogoniomonas sp. \n\t\t60\tU03072  Limnogoniomonas sp. \n\t\t61\tHQ659565  Limnogoniomonas sp. \n\t\t62\tON067811  Limnogoniomonas sp. \n\t\t63\tFW1-0651  Limnogoniomonas sp. \n\t\t64\tFW3-0548  sister to Limnogoniomonas sp. \n\t\t65\tFW4-1155  Limnogoniomonas sp. \n\t\t66\tFW4-1259  Limnogoniomonas sp. \n\t\t67\tFW3-0449  Limnogoniomonas sp. \n\t\t68\tFW5-0385  Limnogoniomonas sp. \n\t\t69\tSL4-0466  sister to sister to Limnogoniomonas sp. \n\t\t70\tAY360457  Goniomonas sp. \n\t\t71\tAY360458  Aquagoniomonas????? sp. \n\t\t72\tAY360459  Aquagoniomonas????? sp. \n\t\t73\tAY360460  Aquagoniomonas????? sp. \n\t\t74\tAY705740  Aquagoniomonas sp. \n\t\t75\tLC000677  Aquagoniomonas sp. \n\t\t76\tAY705739  sister to Aquagoniomonas+Gonimonas sp. \n\t\t77\tFW3-0271  sister to Aquagoniomonas sp. \n\t\t78\tFW4-1317  Goniomonas sp. \n\t\t79\tFW4-0796  Goniomonas sp. \n\t\t80\tBEAP0335\n\t\t81\tBEAP0340\n\t\t82\tBEAP0342\n\t\t83\tBEAP0338\n\t\t84\tBEAP0073\n\t\t85\tBEAP0077\n\t\t86\tBEAP0078\n\t\t87\tBEAP0079\n\t\t88\tBEAP0087\n\t\t89\tBEAP0092\n\t\t90\tBEAP0096\n\t\t91\tBEAP0122\n\t\t92\tBEAP0123\n\t\t93\tBEAP0128\n\t\t94\tBEAP0141\n\t\t95\tBEAP0150\n\t\t96\tBEAP0191\n\t\t97\tBEAP0220\n\t\t98\tBEAP0227\n\t\t99\tHFCC162 PX132650 Limnogoniomonas fijiensis \n\t\t100\tHFCC235\n\t\t101\tHFCC232\n\t\t102\tHFCC251 PX132652 Goniomonas rhenensis \n\t\t103\tHFCC659  Aquagoniomonas sp. \n\t\t104\tHFCC23\n\t\t105\tHFCC163  Aquagoniomonas sp. \n\t\t106\tHFCC5008  Aquagoniomonas sp. \n\t\t107\tHFCC5007 PX132654 Aquagoniomonas sp. \n\t\t108\tBEAP0122b\n\t\t109\tHFCC22\n\t\t110\tBEAP0077a\n\t\t111\tBEAP0096b\n\t\t112\tBEAP0128b\n\t\t113\tBEAP0079a\n\t\t114\tBEAP0092b\n\t\t115\tHFCC1525  Neptunogoniomonas sp. \n\t\t116\tHFCC662  Cosmogoniomonas sp. \n\t\t117\tHFCC1598,\n\t\t118\tMW381698  Thalassogoniomonas sp. \n\t\t119\tHFCC157 PX222342 Poseidogoniomonas sp. \n\t\t120\tHFCC5003  Marigoniomonas sp. \n\t\t121\tHFCC841 PX232375 Marigoniomonas sp. \n\t\t122\tHFCC272 PX222343 Marigoniomonas sp. \n\t\t;\n   tree con_50_majrule = [&U] (1[&prob=1.00000000e+00,prob_stddev=0.00000000e+00,prob_range={1.00000000e+00,1.00000000e+00},prob(percent)=\"100\",prob+-sd=\"100+-0\"]:4.911084e-04[&length_mean=7.35481201e-04,length_median=4.91108400e-04,length_95%HPD={4.20109300e-08,2.28317200e-03}],27[&prob=1.00000000e+00,prob_stddev=0.00000000e+00,prob_range={1.00000000e+00,1.00000000e+00},prob(percent)=\"100\",prob+-sd=\"100+-0\"]:5.543987e-04[&length_mean=7.78495514e-04,length_median=5.54398700e-04,length_95%HPD={1.43955800e-08,2.29144400e-03}],28[&prob=1.00000000e+00,prob_stddev=0.00000000e+00,prob_range={1.00000000e+00,1.00000000e+00},prob(percent)=\"100\",prob+-sd=\"100+-0\"]:2.741378e-03[&length_mean=2.97664394e-03,length_median=2.74137800e-03,length_95%HPD={6.28427800e-04,6.04459500e-03}],47[&prob=1.00000000e+00,prob_stddev=0.00000000e+00,prob_range={1.00000000e+00,1.00000000e+00},prob(percent)=\"100\",prob+-sd=\"100+-0\"]:1.269214e-02[&length_mean=1.26670451e-02,length_median=1.26921400e-02,length_95%HPD={6.70365300e-03,1.85672000e-02}],48[&prob=1.00000000e+00,prob_stddev=0.00000000e+00,prob_range={1.00000000e+00,1.00000000e+00},prob(percent)=\"100\",prob+-sd=\"100+-0\"]:5.611341e-03[&length_mean=5.84652702e-03,length_median=5.61134100e-03,length_95%HPD={1.91571900e-03,9.90758000e-03}],50[&prob=1.00000000e+00,prob_stddev=0.00000000e+00,prob_range={1.00000000e+00,1.00000000e+00},prob(percent)=\"100\",prob+-sd=\"100+-0\"]:9.250806e-04[&length_mean=1.17548958e-03,length_median=9.25080600e-04,length_95%HPD={1.92071900e-07,3.11503000e-03}],88[&prob=1.00000000e+00,prob_stddev=0.00000000e+00,prob_range={1.00000000e+00,1.00000000e+00},prob(percent)=\"100\",prob+-sd=\"100+-0\"]:1.905075e-03[&length_mean=2.17341363e-03,length_median=1.90507500e-03,length_95%HPD={2.37237800e-04,4.70219800e-03}],116[&prob=1.00000000e+00,prob_stddev=0.00000000e+00,prob_range={1.00000000e+00,1.00000000e+00},prob(percent)=\"100\",prob+-sd=\"100+-0\"]:2.049877e-03[&length_mean=2.33247192e-03,length_median=2.04987700e-03,length_95%HPD={2.06729300e-04,5.13467000e-03}],((((((((2[&prob=1.00000000e+00,prob_stddev=0.00000000e+00,prob_range={1.00000000e+00,1.00000000e+00},prob(percent)=\"100\",prob+-sd=\"100+-0\"]:1.362807e-03[&length_mean=1.98974834e-03,length_median=1.36280700e-03,length_95%HPD={1.01799600e-06,5.75081800e-03}],3[&prob=1.00000000e+00,prob_stddev=0.00000000e+00,prob_range={1.00000000e+00,1.00000000e+00},prob(percent)=\"100\",prob+-sd=\"100+-0\"]:5.356536e-04[&length_mean=7.71090069e-04,length_median=5.35653600e-04,length_95%HPD={3.65375900e-08,2.29849300e-03}],4[&prob=1.00000000e+00,prob_stddev=0.00000000e+00,prob_range={1.00000000e+00,1.00000000e+00},prob(percent)=\"100\",prob+-sd=\"100+-0\"]:1.344626e-03[&length_mean=1.94286108e-03,length_median=1.34462600e-03,length_95%HPD={1.66810500e-07,5.91272700e-03}],7[&prob=1.00000000e+00,prob_stddev=0.00000000e+00,prob_range={1.00000000e+00,1.00000000e+00},prob(percent)=\"100\",prob+-sd=\"100+-0\"]:6.219862e-04[&length_mean=8.68266251e-04,length_median=6.21986200e-04,length_95%HPD={4.57781200e-08,2.51703000e-03}],8[&prob=1.00000000e+00,prob_stddev=0.00000000e+00,prob_range={1.00000000e+00,1.00000000e+00},prob(percent)=\"100\",prob+-sd=\"100+-0\"]:5.122394e-04[&length_mean=7.55610366e-04,length_median=5.12239400e-04,length_95%HPD={1.46056700e-07,2.29466600e-03}],9[&prob=1.00000000e+00,prob_stddev=0.00000000e+00,prob_range={1.00000000e+00,1.00000000e+00},prob(percent)=\"100\",prob+-sd=\"100+-0\"]:5.394247e-04[&length_mean=7.65778973e-04,length_median=5.39424700e-04,length_95%HPD={1.60940600e-07,2.17574300e-03}],120[&prob=1.00000000e+00,prob_stddev=0.00000000e+00,prob_range={1.00000000e+00,1.00000000e+00},prob(percent)=\"100\",prob+-sd=\"100+-0\"]:3.116644e-03[&length_mean=3.33510560e-03,length_median=3.11664400e-03,length_95%HPD={5.78336600e-04,6.40060200e-03}],121[&prob=1.00000000e+00,prob_stddev=0.00000000e+00,prob_range={1.00000000e+00,1.00000000e+00},prob(percent)=\"100\",prob+-sd=\"100+-0\"]:2.033092e-03[&length_mean=2.34919965e-03,length_median=2.03309200e-03,length_95%HPD={5.14513100e-05,5.44813300e-03}])[&prob=6.79802846e-01,prob_stddev=1.26900969e-02,prob_range={6.70829593e-01,6.88776100e-01},prob(percent)=\"68\",prob+-sd=\"68+-1\"]:2.123600e-03[&length_mean=2.47385936e-03,length_median=2.12360000e-03,length_95%HPD={8.48298100e-05,5.77910400e-03}],(5[&prob=1.00000000e+00,prob_stddev=0.00000000e+00,prob_range={1.00000000e+00,1.00000000e+00},prob(percent)=\"100\",prob+-sd=\"100+-0\"]:5.315316e-04[&length_mean=7.42313127e-04,length_median=5.31531600e-04,length_95%HPD={1.71067300e-07,2.18855200e-03}],6[&prob=1.00000000e+00,prob_stddev=0.00000000e+00,prob_range={1.00000000e+00,1.00000000e+00},prob(percent)=\"100\",prob+-sd=\"100+-0\"]:5.231325e-04[&length_mean=7.84824850e-04,length_median=5.23132500e-04,length_95%HPD={5.70570900e-07,2.37702900e-03}],10[&prob=1.00000000e+00,prob_stddev=0.00000000e+00,prob_range={1.00000000e+00,1.00000000e+00},prob(percent)=\"100\",prob+-sd=\"100+-0\"]:5.190813e-04[&length_mean=7.41778396e-04,length_median=5.19081300e-04,length_95%HPD={1.61080100e-07,2.23374600e-03}],11[&prob=1.00000000e+00,prob_stddev=0.00000000e+00,prob_range={1.00000000e+00,1.00000000e+00},prob(percent)=\"100\",prob+-sd=\"100+-0\"]:5.118848e-04[&length_mean=7.30246427e-04,length_median=5.11884800e-04,length_95%HPD={1.30643900e-07,2.17369000e-03}],12[&prob=1.00000000e+00,prob_stddev=0.00000000e+00,prob_range={1.00000000e+00,1.00000000e+00},prob(percent)=\"100\",prob+-sd=\"100+-0\"]:5.292392e-04[&length_mean=7.64713404e-04,length_median=5.29239200e-04,length_95%HPD={6.55569000e-07,2.19943300e-03}])[&prob=9.86875672e-01,prob_stddev=9.24573182e-03,prob_range={9.80337953e-01,9.93413392e-01},prob(percent)=\"99\",prob+-sd=\"99+-1\"]:2.461827e-03[&length_mean=2.68440755e-03,length_median=2.46182700e-03,length_95%HPD={4.09399500e-04,5.48287400e-03}])[&prob=1.00000000e+00,prob_stddev=0.00000000e+00,prob_range={1.00000000e+00,1.00000000e+00},prob(percent)=\"100\",prob+-sd=\"100+-0\"]:5.963375e-03[&length_mean=6.39563420e-03,length_median=5.96337500e-03,length_95%HPD={1.67351700e-03,1.19704800e-02}],55[&prob=1.00000000e+00,prob_stddev=0.00000000e+00,prob_range={1.00000000e+00,1.00000000e+00},prob(percent)=\"100\",prob+-sd=\"100+-0\"]:3.298152e-03[&length_mean=3.52981862e-03,length_median=3.29815200e-03,length_95%HPD={6.17870900e-04,6.76991900e-03}])[&prob=1.00000000e+00,prob_stddev=0.00000000e+00,prob_range={1.00000000e+00,1.00000000e+00},prob(percent)=\"100\",prob+-sd=\"100+-0\"]:1.227037e-02[&length_mean=1.24853555e-02,length_median=1.22703700e-02,length_95%HPD={6.09422500e-03,1.90992200e-02}],((13[&prob=1.00000000e+00,prob_stddev=0.00000000e+00,prob_range={1.00000000e+00,1.00000000e+00},prob(percent)=\"100\",prob+-sd=\"100+-0\"]:5.418585e-04[&length_mean=7.55758648e-04,length_median=5.41858500e-04,length_95%HPD={1.59333400e-07,2.26075200e-03}],14[&prob=1.00000000e+00,prob_stddev=0.00000000e+00,prob_range={1.00000000e+00,1.00000000e+00},prob(percent)=\"100\",prob+-sd=\"100+-0\"]:5.177501e-04[&length_mean=7.74480379e-04,length_median=5.17750100e-04,length_95%HPD={2.71207600e-07,2.29265600e-03}],15[&prob=1.00000000e+00,prob_stddev=0.00000000e+00,prob_range={1.00000000e+00,1.00000000e+00},prob(percent)=\"100\",prob+-sd=\"100+-0\"]:5.137204e-04[&length_mean=7.47188018e-04,length_median=5.13720400e-04,length_95%HPD={1.24164600e-08,2.24567500e-03}],16[&prob=1.00000000e+00,prob_stddev=0.00000000e+00,prob_range={1.00000000e+00,1.00000000e+00},prob(percent)=\"100\",prob+-sd=\"100+-0\"]:2.828642e-03[&length_mean=3.11743299e-03,length_median=2.82864200e-03,length_95%HPD={4.93704100e-04,6.40156800e-03}],17[&prob=1.00000000e+00,prob_stddev=0.00000000e+00,prob_range={1.00000000e+00,1.00000000e+00},prob(percent)=\"100\",prob+-sd=\"100+-0\"]:1.374318e-03[&length_mean=1.77891332e-03,length_median=1.37431800e-03,length_95%HPD={4.98938300e-08,4.90339800e-03}],52[&prob=1.00000000e+00,prob_stddev=0.00000000e+00,prob_range={1.00000000e+00,1.00000000e+00},prob(percent)=\"100\",prob+-sd=\"100+-0\"]:5.131162e-04[&length_mean=7.46950751e-04,length_median=5.13116200e-04,length_95%HPD={2.10699700e-07,2.30245200e-03}],53[&prob=1.00000000e+00,prob_stddev=0.00000000e+00,prob_range={1.00000000e+00,1.00000000e+00},prob(percent)=\"100\",prob+-sd=\"100+-0\"]:1.205274e-03[&length_mean=1.43992763e-03,length_median=1.20527400e-03,length_95%HPD={2.14489400e-05,3.56029900e-03}],122[&prob=1.00000000e+00,prob_stddev=0.00000000e+00,prob_range={1.00000000e+00,1.00000000e+00},prob(percent)=\"100\",prob+-sd=\"100+-0\"]:1.326510e-03[&length_mean=1.57506503e-03,length_median=1.32651000e-03,length_95%HPD={3.72165500e-06,3.77605000e-03}])[&prob=9.98600012e-01,prob_stddev=1.97988139e-03,prob_range={9.97200025e-01,1.00000000e+00},prob(percent)=\"100\",prob+-sd=\"100+-0\"]:1.148574e-02[&length_mean=1.17211135e-02,length_median=1.14857400e-02,length_95%HPD={2.97055500e-03,2.08288600e-02}],31[&prob=1.00000000e+00,prob_stddev=0.00000000e+00,prob_range={1.00000000e+00,1.00000000e+00},prob(percent)=\"100\",prob+-sd=\"100+-0\"]:8.692795e-03[&length_mean=9.40567069e-03,length_median=8.69279500e-03,length_95%HPD={1.90567500e-03,1.79445300e-02}])[&prob=1.00000000e+00,prob_stddev=0.00000000e+00,prob_range={1.00000000e+00,1.00000000e+00},prob(percent)=\"100\",prob+-sd=\"100+-0\"]:1.383692e-02[&length_mean=1.41828799e-02,length_median=1.38369200e-02,length_95%HPD={4.74960400e-03,2.47995800e-02}])[&prob=1.00000000e+00,prob_stddev=0.00000000e+00,prob_range={1.00000000e+00,1.00000000e+00},prob(percent)=\"100\",prob+-sd=\"100+-0\"]:1.633552e-02[&length_mean=1.65612054e-02,length_median=1.63355200e-02,length_95%HPD={7.86327700e-03,2.47839300e-02}],58[&prob=1.00000000e+00,prob_stddev=0.00000000e+00,prob_range={1.00000000e+00,1.00000000e+00},prob(percent)=\"100\",prob+-sd=\"100+-0\"]:1.690382e-03[&length_mean=2.26849809e-03,length_median=1.69038200e-03,length_95%HPD={1.13573600e-06,6.21367200e-03}])[&prob=1.00000000e+00,prob_stddev=0.00000000e+00,prob_range={1.00000000e+00,1.00000000e+00},prob(percent)=\"100\",prob+-sd=\"100+-0\"]:2.067468e-02[&length_mean=2.10014910e-02,length_median=2.06746800e-02,length_95%HPD={1.12995900e-02,3.07925900e-02}],((((((18[&prob=1.00000000e+00,prob_stddev=0.00000000e+00,prob_range={1.00000000e+00,1.00000000e+00},prob(percent)=\"100\",prob+-sd=\"100+-0\"]:5.444838e-04[&length_mean=7.48700808e-04,length_median=5.44483800e-04,length_95%HPD={4.02068600e-08,2.12864800e-03}],19[&prob=1.00000000e+00,prob_stddev=0.00000000e+00,prob_range={1.00000000e+00,1.00000000e+00},prob(percent)=\"100\",prob+-sd=\"100+-0\"]:1.374013e-03[&length_mean=2.02505593e-03,length_median=1.37401300e-03,length_95%HPD={3.54872700e-08,6.08442300e-03}],20[&prob=1.00000000e+00,prob_stddev=0.00000000e+00,prob_range={1.00000000e+00,1.00000000e+00},prob(percent)=\"100\",prob+-sd=\"100+-0\"]:1.537188e-03[&length_mean=2.15459447e-03,length_median=1.53718800e-03,length_95%HPD={3.41550600e-07,6.07733800e-03}],54[&prob=1.00000000e+00,prob_stddev=0.00000000e+00,prob_range={1.00000000e+00,1.00000000e+00},prob(percent)=\"100\",prob+-sd=\"100+-0\"]:5.365840e-04[&length_mean=7.58099634e-04,length_median=5.36584000e-04,length_95%HPD={1.74233200e-07,2.18116400e-03}],82[&prob=1.00000000e+00,prob_stddev=0.00000000e+00,prob_range={1.00000000e+00,1.00000000e+00},prob(percent)=\"100\",prob+-sd=\"100+-0\"]:1.208330e-03[&length_mean=1.47843706e-03,length_median=1.20833000e-03,length_95%HPD={2.05342200e-06,3.68334500e-03}],93[&prob=1.00000000e+00,prob_stddev=0.00000000e+00,prob_range={1.00000000e+00,1.00000000e+00},prob(percent)=\"100\",prob+-sd=\"100+-0\"]:5.221899e-04[&length_mean=7.64168162e-04,length_median=5.22189900e-04,length_95%HPD={1.11314900e-08,2.23401000e-03}],112[&prob=1.00000000e+00,prob_stddev=0.00000000e+00,prob_range={1.00000000e+00,1.00000000e+00},prob(percent)=\"100\",prob+-sd=\"100+-0\"]:5.410047e-04[&length_mean=7.62904000e-04,length_median=5.41004700e-04,length_95%HPD={8.52053800e-07,2.22807400e-03}],119[&prob=1.00000000e+00,prob_stddev=0.00000000e+00,prob_range={1.00000000e+00,1.00000000e+00},prob(percent)=\"100\",prob+-sd=\"100+-0\"]:7.274600e-04[&length_mean=1.11013061e-03,length_median=7.27460000e-04,length_95%HPD={3.28864600e-07,3.31974900e-03}])[&prob=9.68929165e-01,prob_stddev=5.81393741e-03,prob_range={9.64818091e-01,9.73040240e-01},prob(percent)=\"97\",prob+-sd=\"97+-1\"]:4.281932e-03[&length_mean=4.45427770e-03,length_median=4.28193200e-03,length_95%HPD={6.60983200e-04,8.82440900e-03}],((((21[&prob=1.00000000e+00,prob_stddev=0.00000000e+00,prob_range={1.00000000e+00,1.00000000e+00},prob(percent)=\"100\",prob+-sd=\"100+-0\"]:2.008606e-03[&length_mean=2.28950022e-03,length_median=2.00860600e-03,length_95%HPD={1.93736200e-04,5.04385300e-03}],(23[&prob=1.00000000e+00,prob_stddev=0.00000000e+00,prob_range={1.00000000e+00,1.00000000e+00},prob(percent)=\"100\",prob+-sd=\"100+-0\"]:5.582275e-04[&length_mean=8.01497669e-04,length_median=5.58227500e-04,length_95%HPD={1.37885300e-07,2.38991900e-03}],24[&prob=1.00000000e+00,prob_stddev=0.00000000e+00,prob_range={1.00000000e+00,1.00000000e+00},prob(percent)=\"100\",prob+-sd=\"100+-0\"]:5.192997e-04[&length_mean=7.77511573e-04,length_median=5.19299700e-04,length_95%HPD={6.72548800e-08,2.37541300e-03}])[&prob=9.66155856e-01,prob_stddev=4.10432554e-03,prob_range={9.63253660e-01,9.69058053e-01},prob(percent)=\"97\",prob+-sd=\"97+-0\"]:1.282714e-03[&length_mean=1.53388189e-03,length_median=1.28271400e-03,length_95%HPD={3.21162300e-05,3.58064200e-03}])[&prob=1.00000000e+00,prob_stddev=0.00000000e+00,prob_range={1.00000000e+00,1.00000000e+00},prob(percent)=\"100\",prob+-sd=\"100+-0\"]:1.056228e-02[&length_mean=1.08344773e-02,length_median=1.05622800e-02,length_95%HPD={5.07772100e-03,1.74527200e-02}],56[&prob=1.00000000e+00,prob_stddev=0.00000000e+00,prob_range={1.00000000e+00,1.00000000e+00},prob(percent)=\"100\",prob+-sd=\"100+-0\"]:5.239247e-02[&length_mean=5.30226026e-02,length_median=5.23924700e-02,length_95%HPD={3.56328200e-02,7.08622300e-02}])[&prob=7.32429045e-01,prob_stddev=1.37900310e-02,prob_range={7.22678021e-01,7.42180070e-01},prob(percent)=\"73\",prob+-sd=\"73+-1\"]:2.950589e-03[&length_mean=3.30642312e-03,length_median=2.95058900e-03,length_95%HPD={9.44126700e-06,7.24056700e-03}],((80[&prob=1.00000000e+00,prob_stddev=0.00000000e+00,prob_range={1.00000000e+00,1.00000000e+00},prob(percent)=\"100\",prob+-sd=\"100+-0\"]:1.243627e-03[&length_mean=1.51797710e-03,length_median=1.24362700e-03,length_95%HPD={4.41417800e-05,3.58743500e-03}],97[&prob=1.00000000e+00,prob_stddev=0.00000000e+00,prob_range={1.00000000e+00,1.00000000e+00},prob(percent)=\"100\",prob+-sd=\"100+-0\"]:5.148661e-03[&length_mean=5.35671875e-03,length_median=5.14866100e-03,length_95%HPD={1.83880000e-03,9.32739700e-03}])[&prob=9.69560271e-01,prob_stddev=4.08546953e-04,prob_range={9.69271384e-01,9.69849157e-01},prob(percent)=\"97\",prob+-sd=\"97+-0\"]:1.307686e-03[&length_mean=1.52085459e-03,length_median=1.30768600e-03,length_95%HPD={2.27064100e-05,3.57329700e-03}],98[&prob=1.00000000e+00,prob_stddev=0.00000000e+00,prob_range={1.00000000e+00,1.00000000e+00},prob(percent)=\"100\",prob+-sd=\"100+-0\"]:1.281434e-03[&length_mean=1.52651247e-03,length_median=1.28143400e-03,length_95%HPD={6.07369500e-05,3.66729900e-03}])[&prob=1.00000000e+00,prob_stddev=0.00000000e+00,prob_range={1.00000000e+00,1.00000000e+00},prob(percent)=\"100\",prob+-sd=\"100+-0\"]:1.067239e-02[&length_mean=1.09838286e-02,length_median=1.06723900e-02,length_95%HPD={4.84749800e-03,1.72500300e-02}])[&prob=9.95920036e-01,prob_stddev=2.56441780e-03,prob_range={9.94106719e-01,9.97733353e-01},prob(percent)=\"100\",prob+-sd=\"100+-0\"]:6.746639e-03[&length_mean=6.95678059e-03,length_median=6.74663900e-03,length_95%HPD={1.40737400e-03,1.26168300e-02}],(83[&prob=1.00000000e+00,prob_stddev=0.00000000e+00,prob_range={1.00000000e+00,1.00000000e+00},prob(percent)=\"100\",prob+-sd=\"100+-0\"]:3.777282e-03[&length_mean=3.93313023e-03,length_median=3.77728200e-03,length_95%HPD={9.68134000e-04,7.33326800e-03}],87[&prob=1.00000000e+00,prob_stddev=0.00000000e+00,prob_range={1.00000000e+00,1.00000000e+00},prob(percent)=\"100\",prob+-sd=\"100+-0\"]:4.710848e-04[&length_mean=6.93976827e-04,length_median=4.71084800e-04,length_95%HPD={1.50503000e-07,2.10453500e-03}],(89[&prob=1.00000000e+00,prob_stddev=0.00000000e+00,prob_range={1.00000000e+00,1.00000000e+00},prob(percent)=\"100\",prob+-sd=\"100+-0\"]:5.466323e-04[&length_mean=7.50203247e-04,length_median=5.46632300e-04,length_95%HPD={1.38454400e-07,2.18188900e-03}],114[&prob=1.00000000e+00,prob_stddev=0.00000000e+00,prob_range={1.00000000e+00,1.00000000e+00},prob(percent)=\"100\",prob+-sd=\"100+-0\"]:5.264970e-04[&length_mean=7.72355092e-04,length_median=5.26497000e-04,length_95%HPD={7.07105800e-08,2.34908400e-03}])[&prob=9.94004498e-01,prob_stddev=9.11373972e-04,prob_range={9.93360059e-01,9.94648936e-01},prob(percent)=\"99\",prob+-sd=\"99+-0\"]:1.257811e-03[&length_mean=1.51300287e-03,length_median=1.25781100e-03,length_95%HPD={4.24303200e-05,3.64201000e-03}],113[&prob=1.00000000e+00,prob_stddev=0.00000000e+00,prob_range={1.00000000e+00,1.00000000e+00},prob(percent)=\"100\",prob+-sd=\"100+-0\"]:5.225601e-04[&length_mean=7.60304589e-04,length_median=5.22560100e-04,length_95%HPD={3.26251200e-07,2.25882200e-03}])[&prob=1.00000000e+00,prob_stddev=0.00000000e+00,prob_range={1.00000000e+00,1.00000000e+00},prob(percent)=\"100\",prob+-sd=\"100+-0\"]:8.536269e-03[&length_mean=8.89040494e-03,length_median=8.53626900e-03,length_95%HPD={3.37277200e-03,1.49889700e-02}])[&prob=8.01361766e-01,prob_stddev=4.10432554e-02,prob_range={7.72339801e-01,8.30383730e-01},prob(percent)=\"80\",prob+-sd=\"80+-4\"]:3.576283e-03[&length_mean=3.90516470e-03,length_median=3.57628300e-03,length_95%HPD={9.78298600e-05,8.32734600e-03}])[&prob=8.42832508e-01,prob_stddev=4.18037813e-02,prob_range={8.13272771e-01,8.72392245e-01},prob(percent)=\"84\",prob+-sd=\"84+-4\"]:1.023174e-02[&length_mean=1.04940142e-02,length_median=1.02317400e-02,length_95%HPD={4.09195600e-03,1.70813100e-02}],22[&prob=1.00000000e+00,prob_stddev=0.00000000e+00,prob_range={1.00000000e+00,1.00000000e+00},prob(percent)=\"100\",prob+-sd=\"100+-0\"]:2.696892e-02[&length_mean=2.74384545e-02,length_median=2.69689200e-02,length_95%HPD={1.75022600e-02,3.82019300e-02}])[&prob=6.89131652e-01,prob_stddev=1.28598010e-02,prob_range={6.80038400e-01,6.98224905e-01},prob(percent)=\"69\",prob+-sd=\"69+-1\"]:6.019901e-03[&length_mean=6.36938575e-03,length_median=6.01990100e-03,length_95%HPD={4.15007500e-04,1.32175300e-02}],(91[&prob=1.00000000e+00,prob_stddev=0.00000000e+00,prob_range={1.00000000e+00,1.00000000e+00},prob(percent)=\"100\",prob+-sd=\"100+-0\"]:5.322328e-04[&length_mean=7.50823661e-04,length_median=5.32232800e-04,length_95%HPD={3.50380800e-07,2.19309700e-03}],108[&prob=1.00000000e+00,prob_stddev=0.00000000e+00,prob_range={1.00000000e+00,1.00000000e+00},prob(percent)=\"100\",prob+-sd=\"100+-0\"]:5.642208e-04[&length_mean=7.54674828e-04,length_median=5.64220800e-04,length_95%HPD={9.59814800e-07,2.22322400e-03}])[&prob=1.00000000e+00,prob_stddev=0.00000000e+00,prob_range={1.00000000e+00,1.00000000e+00},prob(percent)=\"100\",prob+-sd=\"100+-0\"]:3.504349e-02[&length_mean=3.51758031e-02,length_median=3.50434900e-02,length_95%HPD={2.27529400e-02,4.80918300e-02}])[&prob=1.00000000e+00,prob_stddev=0.00000000e+00,prob_range={1.00000000e+00,1.00000000e+00},prob(percent)=\"100\",prob+-sd=\"100+-0\"]:1.358659e-02[&length_mean=1.38930656e-02,length_median=1.35865900e-02,length_95%HPD={6.41143800e-03,2.23070600e-02}],95[&prob=1.00000000e+00,prob_stddev=0.00000000e+00,prob_range={1.00000000e+00,1.00000000e+00},prob(percent)=\"100\",prob+-sd=\"100+-0\"]:2.421473e-02[&length_mean=2.46745485e-02,length_median=2.42147300e-02,length_95%HPD={1.49913000e-02,3.42619800e-02}])[&prob=9.99613337e-01,prob_stddev=5.46824383e-04,prob_range={9.99226674e-01,1.00000000e+00},prob(percent)=\"100\",prob+-sd=\"100+-0\"]:1.483349e-02[&length_mean=1.51415455e-02,length_median=1.48334900e-02,length_95%HPD={6.67824700e-03,2.43551500e-02}],((26[&prob=1.00000000e+00,prob_stddev=0.00000000e+00,prob_range={1.00000000e+00,1.00000000e+00},prob(percent)=\"100\",prob+-sd=\"100+-0\"]:1.004578e-01[&length_mean=1.00622725e-01,length_median=1.00457800e-01,length_95%HPD={7.84634800e-02,1.21999600e-01}],117[&prob=1.00000000e+00,prob_stddev=0.00000000e+00,prob_range={1.00000000e+00,1.00000000e+00},prob(percent)=\"100\",prob+-sd=\"100+-0\"]:7.020932e-03[&length_mean=7.63922492e-03,length_median=7.02093200e-03,length_95%HPD={1.44663900e-03,1.46112500e-02}])[&prob=7.01424876e-01,prob_stddev=2.02387875e-03,prob_range={6.99993778e-01,7.02855975e-01},prob(percent)=\"70\",prob+-sd=\"70+-0\"]:6.255448e-03[&length_mean=6.66099700e-03,length_median=6.25544800e-03,length_95%HPD={1.33075800e-03,1.25034800e-02}],(43[&prob=1.00000000e+00,prob_stddev=0.00000000e+00,prob_range={1.00000000e+00,1.00000000e+00},prob(percent)=\"100\",prob+-sd=\"100+-0\"]:2.767926e-03[&length_mean=2.99969068e-03,length_median=2.76792600e-03,length_95%HPD={2.88196500e-04,6.22017600e-03}],92[&prob=1.00000000e+00,prob_stddev=0.00000000e+00,prob_range={1.00000000e+00,1.00000000e+00},prob(percent)=\"100\",prob+-sd=\"100+-0\"]:1.483758e-03[&length_mean=1.77815178e-03,length_median=1.48375800e-03,length_95%HPD={8.05740600e-05,4.16838200e-03}])[&prob=8.18428281e-01,prob_stddev=3.10872805e-02,prob_range={7.96446254e-01,8.40410307e-01},prob(percent)=\"82\",prob+-sd=\"82+-3\"]:2.676983e-03[&length_mean=2.95067041e-03,length_median=2.67698300e-03,length_95%HPD={1.66832400e-05,6.38257300e-03}],((((44[&prob=1.00000000e+00,prob_stddev=0.00000000e+00,prob_range={1.00000000e+00,1.00000000e+00},prob(percent)=\"100\",prob+-sd=\"100+-0\"]:5.063713e-04[&length_mean=7.45872946e-04,length_median=5.06371300e-04,length_95%HPD={1.14976200e-07,2.21992800e-03}],45[&prob=1.00000000e+00,prob_stddev=0.00000000e+00,prob_range={1.00000000e+00,1.00000000e+00},prob(percent)=\"100\",prob+-sd=\"100+-0\"]:2.562635e-03[&length_mean=2.82486817e-03,length_median=2.56263500e-03,length_95%HPD={1.43132200e-04,5.68567900e-03}])[&prob=8.79209963e-01,prob_stddev=1.22689793e-02,prob_range={8.70534484e-01,8.87885441e-01},prob(percent)=\"88\",prob+-sd=\"88+-1\"]:1.999710e-03[&length_mean=2.24756697e-03,length_median=1.99971000e-03,length_95%HPD={1.70362200e-04,4.98256600e-03}],94[&prob=1.00000000e+00,prob_stddev=0.00000000e+00,prob_range={1.00000000e+00,1.00000000e+00},prob(percent)=\"100\",prob+-sd=\"100+-0\"]:5.559211e-04[&length_mean=7.87566586e-04,length_median=5.55921100e-04,length_95%HPD={2.31697500e-07,2.31219600e-03}],96[&prob=1.00000000e+00,prob_stddev=0.00000000e+00,prob_range={1.00000000e+00,1.00000000e+00},prob(percent)=\"100\",prob+-sd=\"100+-0\"]:2.021830e-03[&length_mean=2.25245728e-03,length_median=2.02183000e-03,length_95%HPD={2.65943500e-04,4.63850200e-03}])[&prob=7.36224567e-01,prob_stddev=2.63984185e-03,prob_range={7.34357917e-01,7.38091217e-01},prob(percent)=\"74\",prob+-sd=\"74+-0\"]:2.085298e-03[&length_mean=2.35682029e-03,length_median=2.08529800e-03,length_95%HPD={1.37677700e-04,5.14491700e-03}],46[&prob=1.00000000e+00,prob_stddev=0.00000000e+00,prob_range={1.00000000e+00,1.00000000e+00},prob(percent)=\"100\",prob+-sd=\"100+-0\"]:1.674699e-03[&length_mean=1.91927484e-03,length_median=1.67469900e-03,length_95%HPD={7.14927500e-06,4.49512600e-03}])[&prob=6.09830135e-01,prob_stddev=4.01633082e-03,prob_range={6.06990160e-01,6.12670110e-01},prob(percent)=\"61\",prob+-sd=\"61+-0\"]:4.088063e-03[&length_mean=4.29530158e-03,length_median=4.08806300e-03,length_95%HPD={3.85602800e-07,8.28835600e-03}],118[&prob=1.00000000e+00,prob_stddev=0.00000000e+00,prob_range={1.00000000e+00,1.00000000e+00},prob(percent)=\"100\",prob+-sd=\"100+-0\"]:6.880750e-03[&length_mean=8.02818634e-03,length_median=6.88075000e-03,length_95%HPD={2.18339100e-05,1.85629500e-02}])[&prob=5.35879681e-01,prob_stddev=1.09364877e-02,prob_range={5.28146416e-01,5.43612946e-01},prob(percent)=\"54\",prob+-sd=\"54+-1\"]:4.045357e-03[&length_mean=4.22258521e-03,length_median=4.04535700e-03,length_95%HPD={7.43225400e-06,7.79378600e-03}])[&prob=1.00000000e+00,prob_stddev=0.00000000e+00,prob_range={1.00000000e+00,1.00000000e+00},prob(percent)=\"100\",prob+-sd=\"100+-0\"]:1.644785e-02[&length_mean=1.67648237e-02,length_median=1.64478500e-02,length_95%HPD={6.66862200e-03,2.67225100e-02}])[&prob=1.00000000e+00,prob_stddev=0.00000000e+00,prob_range={1.00000000e+00,1.00000000e+00},prob(percent)=\"100\",prob+-sd=\"100+-0\"]:1.633712e-02[&length_mean=1.65584795e-02,length_median=1.63371200e-02,length_95%HPD={8.13901700e-03,2.52118500e-02}])[&prob=9.06311944e-01,prob_stddev=2.79068996e-03,prob_range={9.04338628e-01,9.08285260e-01},prob(percent)=\"91\",prob+-sd=\"91+-0\"]:5.833258e-03[&length_mean=6.13391904e-03,length_median=5.83325800e-03,length_95%HPD={1.37228500e-03,1.17060100e-02}],(((25[&prob=1.00000000e+00,prob_stddev=0.00000000e+00,prob_range={1.00000000e+00,1.00000000e+00},prob(percent)=\"100\",prob+-sd=\"100+-0\"]:1.858542e-03[&length_mean=2.12320264e-03,length_median=1.85854200e-03,length_95%HPD={1.78691100e-04,4.58814400e-03}],41[&prob=1.00000000e+00,prob_stddev=0.00000000e+00,prob_range={1.00000000e+00,1.00000000e+00},prob(percent)=\"100\",prob+-sd=\"100+-0\"]:5.656714e-03[&length_mean=5.79265797e-03,length_median=5.65671400e-03,length_95%HPD={2.16117100e-03,1.03870400e-02}],42[&prob=1.00000000e+00,prob_stddev=0.00000000e+00,prob_range={1.00000000e+00,1.00000000e+00},prob(percent)=\"100\",prob+-sd=\"100+-0\"]:5.138241e-04[&length_mean=7.43035611e-04,length_median=5.13824100e-04,length_95%HPD={1.69540700e-07,2.26958000e-03}],115[&prob=1.00000000e+00,prob_stddev=0.00000000e+00,prob_range={1.00000000e+00,1.00000000e+00},prob(percent)=\"100\",prob+-sd=\"100+-0\"]:5.165818e-04[&length_mean=7.50399670e-04,length_median=5.16581800e-04,length_95%HPD={8.86707600e-08,2.19787600e-03}])[&prob=1.00000000e+00,prob_stddev=0.00000000e+00,prob_range={1.00000000e+00,1.00000000e+00},prob(percent)=\"100\",prob+-sd=\"100+-0\"]:1.415923e-02[&length_mean=1.43697983e-02,length_median=1.41592300e-02,length_95%HPD={7.42815200e-03,2.16217500e-02}],(((29[&prob=1.00000000e+00,prob_stddev=0.00000000e+00,prob_range={1.00000000e+00,1.00000000e+00},prob(percent)=\"100\",prob+-sd=\"100+-0\"]:8.671458e-03[&length_mean=9.05175639e-03,length_median=8.67145800e-03,length_95%HPD={1.92626800e-03,1.63016800e-02}],30[&prob=1.00000000e+00,prob_stddev=0.00000000e+00,prob_range={1.00000000e+00,1.00000000e+00},prob(percent)=\"100\",prob+-sd=\"100+-0\"]:2.717035e-03[&length_mean=3.22351627e-03,length_median=2.71703500e-03,length_95%HPD={5.11260100e-07,7.74982200e-03}])[&prob=1.00000000e+00,prob_stddev=0.00000000e+00,prob_range={1.00000000e+00,1.00000000e+00},prob(percent)=\"100\",prob+-sd=\"100+-0\"]:9.994303e-02[&length_mean=1.00582469e-01,length_median=9.99430300e-02,length_95%HPD={7.81744500e-02,1.24497500e-01}],(((32[&prob=1.00000000e+00,prob_stddev=0.00000000e+00,prob_range={1.00000000e+00,1.00000000e+00},prob(percent)=\"100\",prob+-sd=\"100+-0\"]:3.850238e-02[&length_mean=3.91402066e-02,length_median=3.85023800e-02,length_95%HPD={2.60441600e-02,5.49281700e-02}],(33[&prob=1.00000000e+00,prob_stddev=0.00000000e+00,prob_range={1.00000000e+00,1.00000000e+00},prob(percent)=\"100\",prob+-sd=\"100+-0\"]:3.230083e-02[&length_mean=3.28992703e-02,length_median=3.23008300e-02,length_95%HPD={2.17666200e-02,4.52572800e-02}],34[&prob=1.00000000e+00,prob_stddev=0.00000000e+00,prob_range={1.00000000e+00,1.00000000e+00},prob(percent)=\"100\",prob+-sd=\"100+-0\"]:1.859342e-02[&length_mean=1.89702934e-02,length_median=1.85934200e-02,length_95%HPD={9.93992300e-03,2.95219800e-02}])[&prob=1.00000000e+00,prob_stddev=0.00000000e+00,prob_range={1.00000000e+00,1.00000000e+00},prob(percent)=\"100\",prob+-sd=\"100+-0\"]:3.589945e-02[&length_mean=3.64803796e-02,length_median=3.58994500e-02,length_95%HPD={2.19152800e-02,5.04619400e-02}])[&prob=1.00000000e+00,prob_stddev=0.00000000e+00,prob_range={1.00000000e+00,1.00000000e+00},prob(percent)=\"100\",prob+-sd=\"100+-0\"]:4.747518e-02[&length_mean=4.77428220e-02,length_median=4.74751800e-02,length_95%HPD={3.10791200e-02,6.45820700e-02}],35[&prob=1.00000000e+00,prob_stddev=0.00000000e+00,prob_range={1.00000000e+00,1.00000000e+00},prob(percent)=\"100\",prob+-sd=\"100+-0\"]:6.899088e-02[&length_mean=6.94475303e-02,length_median=6.89908800e-02,length_95%HPD={5.01428100e-02,8.84008000e-02}])[&prob=9.90022311e-01,prob_stddev=1.16278748e-03,prob_range={9.89200096e-01,9.90844526e-01},prob(percent)=\"99\",prob+-sd=\"99+-0\"]:1.710485e-02[&length_mean=1.75277352e-02,length_median=1.71048500e-02,length_95%HPD={5.80387500e-03,3.03279500e-02}],((36[&prob=1.00000000e+00,prob_stddev=0.00000000e+00,prob_range={1.00000000e+00,1.00000000e+00},prob(percent)=\"100\",prob+-sd=\"100+-0\"]:2.048092e-03[&length_mean=2.35157940e-03,length_median=2.04809200e-03,length_95%HPD={2.74427900e-04,5.16860100e-03}],37[&prob=1.00000000e+00,prob_stddev=0.00000000e+00,prob_range={1.00000000e+00,1.00000000e+00},prob(percent)=\"100\",prob+-sd=\"100+-0\"]:4.325319e-03[&length_mean=4.62459001e-03,length_median=4.32531900e-03,length_95%HPD={1.22514900e-03,8.38295100e-03}])[&prob=1.00000000e+00,prob_stddev=0.00000000e+00,prob_range={1.00000000e+00,1.00000000e+00},prob(percent)=\"100\",prob+-sd=\"100+-0\"]:1.313679e-02[&length_mean=1.34451255e-02,length_median=1.31367900e-02,length_95%HPD={5.82046100e-03,2.21468900e-02}],((38[&prob=1.00000000e+00,prob_stddev=0.00000000e+00,prob_range={1.00000000e+00,1.00000000e+00},prob(percent)=\"100\",prob+-sd=\"100+-0\"]:4.892930e-03[&length_mean=5.21991886e-03,length_median=4.89293000e-03,length_95%HPD={1.55122500e-03,9.61087800e-03}],39[&prob=1.00000000e+00,prob_stddev=0.00000000e+00,prob_range={1.00000000e+00,1.00000000e+00},prob(percent)=\"100\",prob+-sd=\"100+-0\"]:5.384311e-03[&length_mean=5.66932867e-03,length_median=5.38431100e-03,length_95%HPD={1.67029100e-03,9.73449300e-03}])[&prob=9.98675567e-01,prob_stddev=7.16528502e-04,prob_range={9.98168905e-01,9.99182229e-01},prob(percent)=\"100\",prob+-sd=\"100+-0\"]:4.261619e-03[&length_mean=4.49655282e-03,length_median=4.26161900e-03,length_95%HPD={1.09216200e-03,8.48896200e-03}],40[&prob=1.00000000e+00,prob_stddev=0.00000000e+00,prob_range={1.00000000e+00,1.00000000e+00},prob(percent)=\"100\",prob+-sd=\"100+-0\"]:5.617807e-03[&length_mean=5.83040048e-03,length_median=5.61780700e-03,length_95%HPD={2.04978800e-03,1.04609900e-02}])[&prob=1.00000000e+00,prob_stddev=0.00000000e+00,prob_range={1.00000000e+00,1.00000000e+00},prob(percent)=\"100\",prob+-sd=\"100+-0\"]:1.116606e-02[&length_mean=1.14760700e-02,length_median=1.11660600e-02,length_95%HPD={4.30869200e-03,1.90921100e-02}])[&prob=1.00000000e+00,prob_stddev=0.00000000e+00,prob_range={1.00000000e+00,1.00000000e+00},prob(percent)=\"100\",prob+-sd=\"100+-0\"]:9.060106e-02[&length_mean=9.09571509e-02,length_median=9.06010600e-02,length_95%HPD={6.84762900e-02,1.13572100e-01}])[&prob=1.00000000e+00,prob_stddev=0.00000000e+00,prob_range={1.00000000e+00,1.00000000e+00},prob(percent)=\"100\",prob+-sd=\"100+-0\"]:5.373828e-02[&length_mean=5.44984557e-02,length_median=5.37382800e-02,length_95%HPD={3.69871000e-02,7.30441500e-02}])[&prob=8.70387819e-01,prob_stddev=1.12067572e-02,prob_range={8.62463445e-01,8.78312193e-01},prob(percent)=\"87\",prob+-sd=\"87+-1\"]:1.535529e-02[&length_mean=1.57559407e-02,length_median=1.53552900e-02,length_95%HPD={6.18202900e-03,2.66858900e-02}],((57[&prob=1.00000000e+00,prob_stddev=0.00000000e+00,prob_range={1.00000000e+00,1.00000000e+00},prob(percent)=\"100\",prob+-sd=\"100+-0\"]:2.787647e-03[&length_mean=3.05999967e-03,length_median=2.78764700e-03,length_95%HPD={6.61715900e-04,6.24736800e-03}],109[&prob=1.00000000e+00,prob_stddev=0.00000000e+00,prob_range={1.00000000e+00,1.00000000e+00},prob(percent)=\"100\",prob+-sd=\"100+-0\"]:1.999028e-03[&length_mean=2.29045777e-03,length_median=1.99902800e-03,length_95%HPD={2.01566400e-04,5.04469300e-03}])[&prob=1.00000000e+00,prob_stddev=0.00000000e+00,prob_range={1.00000000e+00,1.00000000e+00},prob(percent)=\"100\",prob+-sd=\"100+-0\"]:1.796846e-02[&length_mean=1.85586254e-02,length_median=1.79684600e-02,length_95%HPD={7.24467100e-03,3.00588800e-02}],(((((59[&prob=1.00000000e+00,prob_stddev=0.00000000e+00,prob_range={1.00000000e+00,1.00000000e+00},prob(percent)=\"100\",prob+-sd=\"100+-0\"]:4.139738e-04[&length_mean=6.06917965e-04,length_median=4.13973800e-04,length_95%HPD={1.51160900e-07,1.75471400e-03}],(60[&prob=1.00000000e+00,prob_stddev=0.00000000e+00,prob_range={1.00000000e+00,1.00000000e+00},prob(percent)=\"100\",prob+-sd=\"100+-0\"]:4.627926e-04[&length_mean=6.73652066e-04,length_median=4.62792600e-04,length_95%HPD={2.07064000e-07,2.03433300e-03}],61[&prob=1.00000000e+00,prob_stddev=0.00000000e+00,prob_range={1.00000000e+00,1.00000000e+00},prob(percent)=\"100\",prob+-sd=\"100+-0\"]:8.814461e-02[&length_mean=8.84994322e-02,length_median=8.81446100e-02,length_95%HPD={7.02596200e-02,1.07610800e-01}],62[&prob=1.00000000e+00,prob_stddev=0.00000000e+00,prob_range={1.00000000e+00,1.00000000e+00},prob(percent)=\"100\",prob+-sd=\"100+-0\"]:7.679312e-04[&length_mean=1.12504259e-03,length_median=7.67931200e-04,length_95%HPD={3.92470700e-07,3.25924700e-03}])[&prob=9.86044568e-01,prob_stddev=2.12444416e-03,prob_range={9.84542360e-01,9.87546777e-01},prob(percent)=\"99\",prob+-sd=\"99+-0\"]:1.952832e-03[&length_mean=2.17716654e-03,length_median=1.95283200e-03,length_95%HPD={1.35429300e-04,4.54874600e-03}],66[&prob=1.00000000e+00,prob_stddev=0.00000000e+00,prob_range={1.00000000e+00,1.00000000e+00},prob(percent)=\"100\",prob+-sd=\"100+-0\"]:1.238947e-03[&length_mean=1.47646081e-03,length_median=1.23894700e-03,length_95%HPD={5.44146500e-05,3.53448200e-03}],67[&prob=1.00000000e+00,prob_stddev=0.00000000e+00,prob_range={1.00000000e+00,1.00000000e+00},prob(percent)=\"100\",prob+-sd=\"100+-0\"]:5.211680e-04[&length_mean=7.44628449e-04,length_median=5.21168000e-04,length_95%HPD={5.08381100e-07,2.17276800e-03}],99[&prob=1.00000000e+00,prob_stddev=0.00000000e+00,prob_range={1.00000000e+00,1.00000000e+00},prob(percent)=\"100\",prob+-sd=\"100+-0\"]:4.207458e-04[&length_mean=6.07230556e-04,length_median=4.20745800e-04,length_95%HPD={3.09185600e-07,1.84244600e-03}])[&prob=5.49875112e-01,prob_stddev=1.05782234e-02,prob_range={5.42395179e-01,5.57355046e-01},prob(percent)=\"55\",prob+-sd=\"55+-1\"]:1.127875e-03[&length_mean=1.33546049e-03,length_median=1.12787500e-03,length_95%HPD={1.59205800e-06,3.33624300e-03}],68[&prob=1.00000000e+00,prob_stddev=0.00000000e+00,prob_range={1.00000000e+00,1.00000000e+00},prob(percent)=\"100\",prob+-sd=\"100+-0\"]:2.987566e-03[&length_mean=3.24127508e-03,length_median=2.98756600e-03,length_95%HPD={6.30829100e-04,6.24064900e-03}])[&prob=9.87093448e-01,prob_stddev=6.23505504e-03,prob_range={9.82684598e-01,9.91502298e-01},prob(percent)=\"99\",prob+-sd=\"99+-1\"]:3.499572e-03[&length_mean=3.80733552e-03,length_median=3.49957200e-03,length_95%HPD={6.92821300e-04,7.63682400e-03}],(63[&prob=1.00000000e+00,prob_stddev=0.00000000e+00,prob_range={1.00000000e+00,1.00000000e+00},prob(percent)=\"100\",prob+-sd=\"100+-0\"]:2.666164e-03[&length_mean=2.87897383e-03,length_median=2.66616400e-03,length_95%HPD={4.79294000e-04,5.75298900e-03}],65[&prob=1.00000000e+00,prob_stddev=0.00000000e+00,prob_range={1.00000000e+00,1.00000000e+00},prob(percent)=\"100\",prob+-sd=\"100+-0\"]:5.198683e-04[&length_mean=7.26420600e-04,length_median=5.19868300e-04,length_95%HPD={3.61067900e-07,2.09099200e-03}])[&prob=1.00000000e+00,prob_stddev=0.00000000e+00,prob_range={1.00000000e+00,1.00000000e+00},prob(percent)=\"100\",prob+-sd=\"100+-0\"]:5.687079e-03[&length_mean=6.01110127e-03,length_median=5.68707900e-03,length_95%HPD={1.65196600e-03,1.06422300e-02}])[&prob=1.00000000e+00,prob_stddev=0.00000000e+00,prob_range={1.00000000e+00,1.00000000e+00},prob(percent)=\"100\",prob+-sd=\"100+-0\"]:4.468642e-02[&length_mean=4.48623318e-02,length_median=4.46864200e-02,length_95%HPD={3.21189400e-02,5.76628200e-02}],64[&prob=1.00000000e+00,prob_stddev=0.00000000e+00,prob_range={1.00000000e+00,1.00000000e+00},prob(percent)=\"100\",prob+-sd=\"100+-0\"]:3.151131e-02[&length_mean=3.19790381e-02,length_median=3.15113100e-02,length_95%HPD={2.15588200e-02,4.38098400e-02}],69[&prob=1.00000000e+00,prob_stddev=0.00000000e+00,prob_range={1.00000000e+00,1.00000000e+00},prob(percent)=\"100\",prob+-sd=\"100+-0\"]:2.438800e-02[&length_mean=2.48256119e-02,length_median=2.43880000e-02,length_95%HPD={1.43833000e-02,3.55526100e-02}])[&prob=1.00000000e+00,prob_stddev=0.00000000e+00,prob_range={1.00000000e+00,1.00000000e+00},prob(percent)=\"100\",prob+-sd=\"100+-0\"]:1.194653e-01[&length_mean=1.20551554e-01,length_median=1.19465300e-01,length_95%HPD={9.12953200e-02,1.51275000e-01}],((70[&prob=1.00000000e+00,prob_stddev=0.00000000e+00,prob_range={1.00000000e+00,1.00000000e+00},prob(percent)=\"100\",prob+-sd=\"100+-0\"]:1.437587e-02[&length_mean=1.47058859e-02,length_median=1.43758700e-02,length_95%HPD={6.93473600e-03,2.25083000e-02}],((78[&prob=1.00000000e+00,prob_stddev=0.00000000e+00,prob_range={1.00000000e+00,1.00000000e+00},prob(percent)=\"100\",prob+-sd=\"100+-0\"]:2.395598e-02[&length_mean=2.42751236e-02,length_median=2.39559800e-02,length_95%HPD={1.47999000e-02,3.44366700e-02}],102[&prob=1.00000000e+00,prob_stddev=0.00000000e+00,prob_range={1.00000000e+00,1.00000000e+00},prob(percent)=\"100\",prob+-sd=\"100+-0\"]:1.292082e-02[&length_mean=1.35652585e-02,length_median=1.29208200e-02,length_95%HPD={3.87148700e-03,2.37086100e-02}])[&prob=8.90418752e-01,prob_stddev=8.29664582e-03,prob_range={8.84552137e-01,8.96285366e-01},prob(percent)=\"89\",prob+-sd=\"89+-1\"]:7.726204e-03[&length_mean=8.06449825e-03,length_median=7.72620400e-03,length_95%HPD={2.63025300e-03,1.40088300e-02}],79[&prob=1.00000000e+00,prob_stddev=0.00000000e+00,prob_range={1.00000000e+00,1.00000000e+00},prob(percent)=\"100\",prob+-sd=\"100+-0\"]:9.464286e-03[&length_mean=9.84132307e-03,length_median=9.46428600e-03,length_95%HPD={3.81400500e-03,1.67899300e-02}],(100[&prob=1.00000000e+00,prob_stddev=0.00000000e+00,prob_range={1.00000000e+00,1.00000000e+00},prob(percent)=\"100\",prob+-sd=\"100+-0\"]:5.545687e-04[&length_mean=7.72092747e-04,length_median=5.54568700e-04,length_95%HPD={1.91888100e-07,2.30680800e-03}],101[&prob=1.00000000e+00,prob_stddev=0.00000000e+00,prob_range={1.00000000e+00,1.00000000e+00},prob(percent)=\"100\",prob+-sd=\"100+-0\"]:4.687807e-04[&length_mean=6.81320608e-04,length_median=4.68780700e-04,length_95%HPD={1.23787900e-07,2.07414700e-03}])[&prob=9.99533337e-01,prob_stddev=6.34819112e-04,prob_range={9.99084453e-01,9.99982222e-01},prob(percent)=\"100\",prob+-sd=\"100+-0\"]:4.790892e-03[&length_mean=5.03897948e-03,length_median=4.79089200e-03,length_95%HPD={1.02914600e-03,9.34150900e-03}])[&prob=8.10503907e-01,prob_stddev=2.30860455e-02,prob_range={7.94179607e-01,8.26828206e-01},prob(percent)=\"81\",prob+-sd=\"81+-2\"]:6.973658e-03[&length_mean=7.21292415e-03,length_median=6.97365800e-03,length_95%HPD={1.66799300e-03,1.32716000e-02}])[&prob=1.00000000e+00,prob_stddev=0.00000000e+00,prob_range={1.00000000e+00,1.00000000e+00},prob(percent)=\"100\",prob+-sd=\"100+-0\"]:3.956882e-02[&length_mean=4.00271563e-02,length_median=3.95688200e-02,length_95%HPD={2.31818800e-02,5.74322800e-02}],(((((71[&prob=1.00000000e+00,prob_stddev=0.00000000e+00,prob_range={1.00000000e+00,1.00000000e+00},prob(percent)=\"100\",prob+-sd=\"100+-0\"]:1.955378e-02[&length_mean=1.97834629e-02,length_median=1.95537800e-02,length_95%HPD={1.24826400e-02,2.67643000e-02}],72[&prob=1.00000000e+00,prob_stddev=0.00000000e+00,prob_range={1.00000000e+00,1.00000000e+00},prob(percent)=\"100\",prob+-sd=\"100+-0\"]:2.908455e-03[&length_mean=3.06703347e-03,length_median=2.90845500e-03,length_95%HPD={8.09215500e-04,5.63004700e-03}],73[&prob=1.00000000e+00,prob_stddev=0.00000000e+00,prob_range={1.00000000e+00,1.00000000e+00},prob(percent)=\"100\",prob+-sd=\"100+-0\"]:5.290784e-03[&length_mean=5.58244329e-03,length_median=5.29078400e-03,length_95%HPD={2.19040000e-03,9.18716400e-03}])[&prob=9.45738260e-01,prob_stddev=4.15460825e-03,prob_range={9.42800508e-01,9.48676012e-01},prob(percent)=\"95\",prob+-sd=\"95+-0\"]:1.293665e-03[&length_mean=1.51892486e-03,length_median=1.29366500e-03,length_95%HPD={7.21270200e-05,3.51670200e-03}],74[&prob=1.00000000e+00,prob_stddev=0.00000000e+00,prob_range={1.00000000e+00,1.00000000e+00},prob(percent)=\"100\",prob+-sd=\"100+-0\"]:4.029515e-04[&length_mean=5.84755178e-04,length_median=4.02951500e-04,length_95%HPD={3.54455700e-08,1.75797900e-03}],75[&prob=1.00000000e+00,prob_stddev=0.00000000e+00,prob_range={1.00000000e+00,1.00000000e+00},prob(percent)=\"100\",prob+-sd=\"100+-0\"]:4.266830e-04[&length_mean=6.18708912e-04,length_median=4.26683000e-04,length_95%HPD={5.00770900e-08,1.88943800e-03}],104[&prob=1.00000000e+00,prob_stddev=0.00000000e+00,prob_range={1.00000000e+00,1.00000000e+00},prob(percent)=\"100\",prob+-sd=\"100+-0\"]:5.349812e-03[&length_mean=5.60897833e-03,length_median=5.34981200e-03,length_95%HPD={2.20655300e-03,9.37305600e-03}],105[&prob=1.00000000e+00,prob_stddev=0.00000000e+00,prob_range={1.00000000e+00,1.00000000e+00},prob(percent)=\"100\",prob+-sd=\"100+-0\"]:3.552643e-03[&length_mean=3.72583327e-03,length_median=3.55264300e-03,length_95%HPD={1.22872200e-03,6.91450500e-03}],(106[&prob=1.00000000e+00,prob_stddev=0.00000000e+00,prob_range={1.00000000e+00,1.00000000e+00},prob(percent)=\"100\",prob+-sd=\"100+-0\"]:1.346572e-03[&length_mean=1.56205163e-03,length_median=1.34657200e-03,length_95%HPD={2.31538200e-05,3.60094600e-03}],107[&prob=1.00000000e+00,prob_stddev=0.00000000e+00,prob_range={1.00000000e+00,1.00000000e+00},prob(percent)=\"100\",prob+-sd=\"100+-0\"]:5.835129e-03[&length_mean=6.10085579e-03,length_median=5.83512900e-03,length_95%HPD={2.16040600e-03,1.06241500e-02}])[&prob=8.72090026e-01,prob_stddev=8.76176081e-03,prob_range={8.65894525e-01,8.78285526e-01},prob(percent)=\"87\",prob+-sd=\"87+-1\"]:5.234844e-03[&length_mean=5.25120673e-03,length_median=5.23484400e-03,length_95%HPD={1.34937200e-06,9.55433900e-03}])[&prob=5.53852855e-01,prob_stddev=1.86674531e-02,prob_range={5.40652972e-01,5.67052737e-01},prob(percent)=\"55\",prob+-sd=\"55+-2\"]:2.856946e-03[&length_mean=3.07128674e-03,length_median=2.85694600e-03,length_95%HPD={3.43797500e-04,5.98093500e-03}],103[&prob=1.00000000e+00,prob_stddev=0.00000000e+00,prob_range={1.00000000e+00,1.00000000e+00},prob(percent)=\"100\",prob+-sd=\"100+-0\"]:6.695412e-03[&length_mean=6.86025956e-03,length_median=6.69541200e-03,length_95%HPD={1.97089700e-03,1.14130800e-02}])[&prob=1.00000000e+00,prob_stddev=0.00000000e+00,prob_range={1.00000000e+00,1.00000000e+00},prob(percent)=\"100\",prob+-sd=\"100+-0\"]:1.774473e-02[&length_mean=1.79451086e-02,length_median=1.77447300e-02,length_95%HPD={1.07372000e-02,2.62523200e-02}],77[&prob=1.00000000e+00,prob_stddev=0.00000000e+00,prob_range={1.00000000e+00,1.00000000e+00},prob(percent)=\"100\",prob+-sd=\"100+-0\"]:2.198667e-02[&length_mean=2.22813883e-02,length_median=2.19866700e-02,length_95%HPD={1.40883400e-02,3.09078900e-02}])[&prob=6.91936072e-01,prob_stddev=4.87113675e-03,prob_range={6.88491658e-01,6.95380486e-01},prob(percent)=\"69\",prob+-sd=\"69+-0\"]:5.163381e-03[&length_mean=5.41974484e-03,length_median=5.16338100e-03,length_95%HPD={4.02333200e-04,1.07787600e-02}],76[&prob=1.00000000e+00,prob_stddev=0.00000000e+00,prob_range={1.00000000e+00,1.00000000e+00},prob(percent)=\"100\",prob+-sd=\"100+-0\"]:2.428716e-02[&length_mean=2.46675737e-02,length_median=2.42871600e-02,length_95%HPD={1.51208300e-02,3.43891100e-02}])[&prob=9.97462245e-01,prob_stddev=4.08546953e-04,prob_range={9.97173358e-01,9.97751131e-01},prob(percent)=\"100\",prob+-sd=\"100+-0\"]:2.815391e-02[&length_mean=2.84269735e-02,length_median=2.81539100e-02,length_95%HPD={1.23984500e-02,4.43823200e-02}])[&prob=1.00000000e+00,prob_stddev=0.00000000e+00,prob_range={1.00000000e+00,1.00000000e+00},prob(percent)=\"100\",prob+-sd=\"100+-0\"]:5.892191e-02[&length_mean=5.99296588e-02,length_median=5.89219100e-02,length_95%HPD={3.68033600e-02,8.49841300e-02}])[&prob=1.00000000e+00,prob_stddev=0.00000000e+00,prob_range={1.00000000e+00,1.00000000e+00},prob(percent)=\"100\",prob+-sd=\"100+-0\"]:1.274643e-01[&length_mean=1.28679469e-01,length_median=1.27464300e-01,length_95%HPD={9.58175600e-02,1.59969500e-01}])[&prob=8.60623461e-01,prob_stddev=1.88308719e-02,prob_range={8.47308024e-01,8.73938898e-01},prob(percent)=\"86\",prob+-sd=\"86+-2\"]:1.224833e-02[&length_mean=1.26482605e-02,length_median=1.22483300e-02,length_95%HPD={3.70852300e-03,2.25727500e-02}])[&prob=6.54060853e-01,prob_stddev=1.57824831e-02,prob_range={6.42900952e-01,6.65220754e-01},prob(percent)=\"65\",prob+-sd=\"65+-2\"]:3.852500e-03[&length_mean=4.35706500e-03,length_median=3.85250000e-03,length_95%HPD={3.40971800e-06,9.87608100e-03}])[&prob=5.86585897e-01,prob_stddev=5.67565998e-03,prob_range={5.82572599e-01,5.90599195e-01},prob(percent)=\"59\",prob+-sd=\"59+-1\"]:5.798071e-03[&length_mean=6.09128587e-03,length_median=5.79807100e-03,length_95%HPD={1.04847500e-03,1.17940200e-02}],(51[&prob=1.00000000e+00,prob_stddev=0.00000000e+00,prob_range={1.00000000e+00,1.00000000e+00},prob(percent)=\"100\",prob+-sd=\"100+-0\"]:1.088759e-02[&length_mean=1.14098125e-02,length_median=1.08875900e-02,length_95%HPD={4.10453600e-03,1.85669000e-02}],81[&prob=1.00000000e+00,prob_stddev=0.00000000e+00,prob_range={1.00000000e+00,1.00000000e+00},prob(percent)=\"100\",prob+-sd=\"100+-0\"]:2.032910e-03[&length_mean=2.25333492e-03,length_median=2.03291000e-03,length_95%HPD={1.84536200e-04,4.72109400e-03}],84[&prob=1.00000000e+00,prob_stddev=0.00000000e+00,prob_range={1.00000000e+00,1.00000000e+00},prob(percent)=\"100\",prob+-sd=\"100+-0\"]:5.448646e-04[&length_mean=7.62554196e-04,length_median=5.44864600e-04,length_95%HPD={4.97694600e-08,2.23261700e-03}],(85[&prob=1.00000000e+00,prob_stddev=0.00000000e+00,prob_range={1.00000000e+00,1.00000000e+00},prob(percent)=\"100\",prob+-sd=\"100+-0\"]:5.360352e-04[&length_mean=7.23710085e-04,length_median=5.36035200e-04,length_95%HPD={1.93641800e-08,2.08521200e-03}],110[&prob=1.00000000e+00,prob_stddev=0.00000000e+00,prob_range={1.00000000e+00,1.00000000e+00},prob(percent)=\"100\",prob+-sd=\"100+-0\"]:5.008652e-04[&length_mean=7.18029009e-04,length_median=5.00865200e-04,length_95%HPD={3.72261400e-08,2.14651600e-03}])[&prob=9.59760358e-01,prob_stddev=6.26019639e-03,prob_range={9.55333730e-01,9.64186985e-01},prob(percent)=\"96\",prob+-sd=\"96+-1\"]:1.223904e-03[&length_mean=1.47502745e-03,length_median=1.22390400e-03,length_95%HPD={2.66225700e-05,3.54911900e-03}],86[&prob=1.00000000e+00,prob_stddev=0.00000000e+00,prob_range={1.00000000e+00,1.00000000e+00},prob(percent)=\"100\",prob+-sd=\"100+-0\"]:1.187943e-03[&length_mean=1.45917942e-03,length_median=1.18794300e-03,length_95%HPD={4.17652700e-06,3.49344300e-03}],(90[&prob=1.00000000e+00,prob_stddev=0.00000000e+00,prob_range={1.00000000e+00,1.00000000e+00},prob(percent)=\"100\",prob+-sd=\"100+-0\"]:5.307790e-04[&length_mean=7.66284269e-04,length_median=5.30779000e-04,length_95%HPD={1.31244100e-08,2.35089600e-03}],111[&prob=1.00000000e+00,prob_stddev=0.00000000e+00,prob_range={1.00000000e+00,1.00000000e+00},prob(percent)=\"100\",prob+-sd=\"100+-0\"]:5.016111e-04[&length_mean=7.34070954e-04,length_median=5.01611100e-04,length_95%HPD={3.18607100e-07,2.17606400e-03}])[&prob=9.94777824e-01,prob_stddev=6.22248436e-04,prob_range={9.94337828e-01,9.95217820e-01},prob(percent)=\"99\",prob+-sd=\"99+-0\"]:1.256450e-03[&length_mean=1.49556709e-03,length_median=1.25645000e-03,length_95%HPD={7.53568100e-05,3.63498500e-03}])[&prob=1.00000000e+00,prob_stddev=0.00000000e+00,prob_range={1.00000000e+00,1.00000000e+00},prob(percent)=\"100\",prob+-sd=\"100+-0\"]:3.163064e-02[&length_mean=3.18493849e-02,length_median=3.16306400e-02,length_95%HPD={2.04279500e-02,4.33673200e-02}])[&prob=1.00000000e+00,prob_stddev=0.00000000e+00,prob_range={1.00000000e+00,1.00000000e+00},prob(percent)=\"100\",prob+-sd=\"100+-0\"]:1.657368e-02[&length_mean=1.69913101e-02,length_median=1.65736800e-02,length_95%HPD={8.64163200e-03,2.57631800e-02}])[&prob=1.00000000e+00,prob_stddev=0.00000000e+00,prob_range={1.00000000e+00,1.00000000e+00},prob(percent)=\"100\",prob+-sd=\"100+-0\"]:4.120055e-02[&length_mean=4.14307264e-02,length_median=4.12005500e-02,length_95%HPD={2.80272900e-02,5.35157000e-02}],49[&prob=1.00000000e+00,prob_stddev=0.00000000e+00,prob_range={1.00000000e+00,1.00000000e+00},prob(percent)=\"100\",prob+-sd=\"100+-0\"]:9.015822e-03[&length_mean=9.22963278e-03,length_median=9.01582200e-03,length_95%HPD={4.01971300e-03,1.52654700e-02}])[&prob=5.80221509e-01,prob_stddev=4.61280937e-02,prob_range={5.47604021e-01,6.12838997e-01},prob(percent)=\"58\",prob+-sd=\"58+-5\"]:2.885420e-03[&length_mean=3.13853785e-03,length_median=2.88542000e-03,length_95%HPD={3.29581000e-04,6.33805600e-03}]);\nend;\n"}],"metaDataArr":[]},"styleData":{"isUseColorGradient":false,"currentColorInterpolate":"interpolatePurples","currentColorList":["#66c2a5","#fc8d62","#8da0cb","#e78ac3","#a6d854","#ffd92f","#e5c494","#b3b3b3"],"legendBTDragData":{"x":40,"y":40},"BTcolorBarDragData":{"x":700,"y":400},"legendTreeScaleDragData":{"x":39.377573013305664,"y":1166.7354564666748},"collapseCladeList":[],"deleteWholeCladeList":[],"reverseChildrenList":[{"nodeIndex":"N0"},{"nodeIndex":"N130"}],"rootNodeIndex":"N109","currentNodeIndex":"N130","rootOffsetRate":0.5},"figureData":{"data":{"treefile":{"select-file":{"type":"file","value":"","iconClass":"cuIcon-file","helpLink":"https://1996xjm.github.io/tvbot/user_interface/attribute_main/data.html"},"view":{"type":"button","value":"","event":"viewMainData","isBGGray":false,"isFresh":false,"iconClass":"cuIcon-attentionfill"},"copy-leavesID":{"type":"button","value":"","event":"viewNodesId","isBGGray":false,"isFresh":false,"iconClass":"cuIcon-copy","helpLink":"https://1996xjm.github.io/tvbot/user_interface/attribute_main/data.html"},"copy-internalID":{"type":"button","value":"","event":"viewInternalNodesId","isBGGray":false,"isFresh":false,"iconClass":"cuIcon-copy","helpLink":"https://1996xjm.github.io/tvbot/user_interface/attribute_main/data.html"}},"Restore drawing state":{"select-file":{"type":"button","value":"","event":"importOriginalJsonData","isLoading":false,"isFresh":false,"iconClass":"cuIcon-file","helpLink":"https://1996xjm.github.io/tvbot/user_interface/attribute_main/data.html#restore-drawing-state"}},"Example data":{"view":{"type":"button","value":"","event":"viewEexampleData","isLoading":false,"isFresh":false,"iconClass":"cuIcon-attentionfill"}}},"canvas":{"Canvas scale":{"width":{"type":"seq","value":1300,"scaleStep":1,"min":100,"max":null},"height":{"type":"seq","value":1300,"scaleStep":1,"min":100,"max":null}},"Margin":{"left":{"type":"seq","value":20,"scaleStep":1,"min":null,"max":null},"right":{"type":"seq","value":140,"scaleStep":1,"min":null,"max":null},"top":{"type":"seq","value":60,"scaleStep":1,"min":null,"max":null},"bottom":{"type":"seq","value":60,"scaleStep":1,"min":null,"max":null},"showMarginBox":{"type":"check","value":false}},"Zooming":{"reset":{"type":"button","value":"","event":"resetZooming","isFresh":false,"iconClass":"cuIcon-refresh"}}},"export":{"Global font style":{"switch":{"type":"check","value":false,"isFresh":true},"font-family":{"type":"opt","optionList":["Arial","Calibri","Times New Roman","Heiti SC"],"value":0,"isSvgAttr":true}},"Save figure":{"format":{"type":"opt","optionList":["svg","pdf","eps","png","transparent png"],"value":0,"isFresh":false},"fileName":{"type":"text","value":"example","isFresh":false},"save":{"type":"button","value":"","event":"export","isLoading":false,"isFresh":false,"iconClass":"cuIcon-down"}},"Save drawing state":{"save":{"type":"button","value":"","event":"exportOriginalJsonData","isLoading":false,"isFresh":false,"iconClass":"cuIcon-down","helpLink":"https://1996xjm.github.io/tvbot/user_interface/attribute_main/export.html"}}},"leaves":{"Text style":{"id":"leaves-text-style","switch":{"type":"check","value":true,"isFresh":true},"font-size":{"type":"seq","value":11,"isSvgAttr":true,"scaleStep":0.5,"min":0,"max":null},"fill":{"type":"color","value":"#000000","isSvgAttr":false},"font-weight":{"type":"opt","optionList":["normal","bold"],"value":0,"isSvgAttr":true},"font-style":{"type":"opt","optionList":["normal","italic"],"value":0,"isSvgAttr":true},"word-italic":{"type":"text","value":"","helpLink":"https://1996xjm.github.io/tvbot/user_interface/attribute_main/leaves.html"},"x":{"type":"seq","value":5,"isSvgAttr":false,"scaleStep":1,"min":null,"max":null},"y":{"type":"seq","value":0,"isSvgAttr":true,"scaleStep":0.1,"min":null,"max":null},"text-anchor":{"type":"opt","optionList":["start","middle","end"],"value":0,"isSvgAttr":true}},"Leaves Extension":{"id":"leaves-extension","extension":{"type":"check","value":false,"isFresh":true},"stroke":{"type":"color","value":"#cccccc","isSvgAttr":true},"stroke-width":{"type":"seq","value":1,"isSvgAttr":true,"scaleStep":0.1,"min":0,"max":null},"stroke-dasharray":{"type":"text","value":"3,3","isSvgAttr":true},"stroke-opacity":{"type":"seq","value":1,"isSvgAttr":true,"scaleStep":0.01,"min":0,"max":1}}},"branches":{"Horizontal layout":{"type":{"type":"opt","optionList":["left to right","right to left"],"value":0,"isSvgAttr":true}},"Branches":{"id":"branches-path","link-type":{"type":"opt","optionList":["rectangular","rounded rectangular","linear","elliptical","bezierX","bezierY"],"value":0,"isSvgAttr":true,"helpLink":"https://1996xjm.github.io/tvbot/user_interface/attribute_main/branches.html"},"ignore-length":{"type":"check","value":false,"isFresh":true},"show-root":{"type":"check","value":true,"isFresh":true,"helpLink":"https://1996xjm.github.io/tvbot/user_interface/attribute_main/branches.html"},"stroke":{"type":"color","value":"#000000","isSvgAttr":false},"stroke-linecap":{"type":"opt","optionList":["butt","round","square"],"value":1,"isSvgAttr":true},"stroke-width":{"type":"seq","value":1.5,"isSvgAttr":true,"scaleStep":1,"min":0,"max":null},"stroke-opacity":{"type":"seq","value":1,"isSvgAttr":true,"scaleStep":0.01,"min":0,"max":1}},"Branches sorting":{"switch":{"type":"check","value":true,"isFresh":true},"sort-by":{"type":"opt","optionList":["number of leaves","branch length"],"value":0,"isSvgAttr":false},"sort-order":{"type":"opt","optionList":["ascending","descending"],"value":0,"isSvgAttr":false}},"Bootstraps":{"id":"bootstraps-text","switch":{"type":"check","value":true,"isFresh":true},"type":{"type":"opt","optionList":["text","circle","gradient color circle"],"value":0,"isSvgAttr":true,"helpLink":"https://1996xjm.github.io/tvbot/user_interface/attribute_main/branches.html#bootstraps"},"data-source":{"type":"opt","optionList":["None","prob","prob_stddev","prob(percent)"],"value":1,"isSvgAttr":true},"from":{"type":"seq","value":0.535879681,"isSvgAttr":false,"scaleStep":1,"min":0,"max":null},"to":{"type":"seq","value":1,"isSvgAttr":false,"scaleStep":1,"min":0,"max":null},"scale-by-factor":{"type":"seq","value":1,"isSvgAttr":false,"scaleStep":1,"min":0,"max":null},"round-decimals":{"type":"seq","value":2,"isSvgAttr":false,"scaleStep":1,"min":0,"max":null,"helpLink":"https://1996xjm.github.io/tvbot/user_interface/attribute_main/branches.html#bootstraps"},"circle-size":{"type":"seq","value":40,"isSvgAttr":false,"scaleStep":1,"min":0,"max":null},"font-size":{"type":"seq","value":10,"isSvgAttr":true,"scaleStep":1,"min":0,"max":null},"text-anchor":{"type":"opt","optionList":["start","middle","end"],"value":1,"isSvgAttr":true},"fill":{"type":"color","value":"#000000","isSvgAttr":true},"font-weight":{"type":"opt","optionList":["normal","bold"],"value":0,"isSvgAttr":true},"font-style":{"type":"opt","optionList":["normal","italic"],"value":0,"isSvgAttr":true},"x":{"type":"seq","value":-12,"isSvgAttr":true,"scaleStep":1,"min":null,"max":null},"y":{"type":"seq","value":-6,"isSvgAttr":true,"scaleStep":1,"min":null,"max":null}},"Color bar":{"bootstraps":{"type":"button","value":"","iconClass":"cuIcon-similar","event":"chooseColorBar"}},"Branches length":{"id":"Branches-length-text","switch":{"type":"check","value":false,"isFresh":true},"round-decimals":{"type":"seq","value":0,"isSvgAttr":false,"scaleStep":1,"min":0,"max":null,"helpLink":"https://1996xjm.github.io/tvbot/user_interface/attribute_main/branches.html#bootstraps"},"font-size":{"type":"seq","value":10,"isSvgAttr":true,"scaleStep":1,"min":0,"max":null},"text-anchor":{"type":"opt","optionList":["start","middle","end"],"value":1,"isSvgAttr":true},"fill":{"type":"color","value":"#000000","isSvgAttr":true},"font-weight":{"type":"opt","optionList":["normal","bold"],"value":0,"isSvgAttr":true},"font-style":{"type":"opt","optionList":["normal","italic"],"value":0,"isSvgAttr":true},"x":{"type":"seq","value":0,"isSvgAttr":true,"scaleStep":1,"min":null,"max":null},"y":{"type":"seq","value":-2,"isSvgAttr":true,"scaleStep":1,"min":null,"max":null}}},"folded clade":{"Clade style":{"id":"folded-clade-path","padding":{"type":"seq","value":0.1,"isSvgAttr":false,"scaleStep":0.1,"min":0,"max":1},"fill":{"type":"color","value":"#cccccc","isSvgAttr":false},"fill-opacity":{"type":"seq","value":1,"isSvgAttr":true,"scaleStep":0.01,"min":0,"max":1},"stroke":{"type":"color","value":"#000000","isSvgAttr":false},"stroke-width":{"type":"seq","value":1.5,"isSvgAttr":true,"scaleStep":1,"min":0,"max":null},"stroke-as-fill":{"type":"check","value":false,"isFresh":true}},"Custom color":{"isReplace":true,"switch":{"type":"check","value":false,"isFresh":true}}},"length axis":{"Axis":{"switch":{"type":"check","value":false,"isFresh":true},"position-type":{"type":"opt","optionList":["top","bottom"],"value":0,"isSvgAttr":false},"offset":{"type":"seq","value":0,"isSvgAttr":false,"scaleStep":1,"min":null,"max":null}},"Text style":{"id":"xAxis-tick-text-tree-length","switch":{"type":"check","value":true,"isFresh":true},"rotate":{"type":"seq","value":0,"isSvgAttr":true,"scaleStep":1,"min":null,"max":null},"font-size":{"type":"seq","value":14,"isSvgAttr":true,"scaleStep":1,"min":0,"max":null},"fill":{"type":"color","value":"#000000","isSvgAttr":true},"font-weight":{"type":"opt","optionList":["normal","bold"],"value":0,"isSvgAttr":true},"text-anchor":{"type":"opt","optionList":["start","middle","end"],"value":1,"isSvgAttr":true},"font-style":{"type":"opt","optionList":["normal","italic"],"value":0,"isSvgAttr":true},"offset":{"type":"seq","value":-15,"isSvgAttr":false,"scaleStep":1,"min":null,"max":null}},"Tick":{"stroke":{"type":"color","value":"#000000","isSvgAttr":true},"stroke-width":{"type":"seq","value":1,"isSvgAttr":true,"scaleStep":1,"min":0,"max":null},"stroke-opacity":{"type":"seq","value":1,"isSvgAttr":true,"scaleStep":0.01,"min":0,"max":1},"tickValues":{"type":"text","value":"","isSvgAttr":true,"helpLink":"/static/help_book/XYAxis-like_plot/Axis/Tick.html#tickvalues"},"tickFormat":{"type":"text","value":"","isSvgAttr":true,"helpLink":"/static/help_book/XYAxis-like_plot/Axis/Tick.html"},"removePath":{"type":"check","value":false,"isFresh":true},"removeTick":{"type":"check","value":false,"isFresh":true},"scale-by-factor":{"type":"seq","value":1,"isSvgAttr":false,"scaleStep":1,"min":0,"max":null},"offset-value":{"type":"seq","value":0,"isSvgAttr":false,"scaleStep":1,"min":null,"max":null},"reverseValues":{"type":"check","value":false,"isFresh":true}},"Grid":{"id":"xAxis-grid-line-tree-length","switch":{"type":"check","value":false,"isFresh":true},"stroke":{"type":"color","value":"#000000","isSvgAttr":true},"stroke-width":{"type":"seq","value":1,"isSvgAttr":true,"scaleStep":1,"min":0,"max":null},"stroke-dasharray":{"type":"text","value":"","isSvgAttr":true},"stroke-opacity":{"type":"seq","value":0.1,"isSvgAttr":true,"scaleStep":0.01,"min":0,"max":1}},"Label":{"id":"xAxis-label-tree-length","text":{"type":"text","value":"","isSvgAttr":true},"rotate":{"type":"seq","value":0,"isSvgAttr":false,"scaleStep":1,"min":null,"max":null},"x":{"type":"seq","value":0,"isSvgAttr":true,"scaleStep":1,"min":null,"max":null},"y":{"type":"seq","value":-30,"isSvgAttr":true,"scaleStep":1,"min":null,"max":null},"text-anchor":{"type":"opt","optionList":["start","middle","end"],"value":1,"isSvgAttr":true},"font-size":{"type":"seq","value":14,"isSvgAttr":true,"scaleStep":1,"min":0,"max":null},"fill":{"type":"color","value":"#000000","isSvgAttr":true},"font-weight":{"type":"opt","optionList":["normal","bold"],"value":0,"isSvgAttr":true},"font-style":{"type":"opt","optionList":["normal","italic"],"value":0,"isSvgAttr":true}}},"scale legend":{"Tree scale":{"scale":{"type":"seq","value":0.03,"scaleStep":0.001,"min":0,"max":null}},"Scale text":{"font-size":{"type":"seq","value":16,"isSvgAttr":true,"scaleStep":0.5,"min":0,"max":null},"fill":{"type":"color","value":"#000000","isSvgAttr":true},"font-weight":{"type":"opt","optionList":["normal","bold"],"value":1,"isSvgAttr":true}},"Scale line":{"stroke":{"type":"color","value":"#000000","isSvgAttr":true},"stroke-width":{"type":"seq","value":2,"isSvgAttr":true,"scaleStep":1,"min":0,"max":null},"stroke-linecap":{"type":"opt","optionList":["butt","round","square"],"value":1,"isSvgAttr":true}}},"BT legend":{"Legend":{"switch":{"type":"check","value":true,"isFresh":true}},"Legend title":{"id":"legend-title-text-","text":{"type":"text","value":"Bootstrap values","isSvgAttr":false},"font-size":{"type":"seq","value":16,"isSvgAttr":true,"scaleStep":1,"min":0,"max":null},"fill":{"type":"color","value":"#000000","isSvgAttr":true},"font-weight":{"type":"opt","optionList":["normal","bold"],"value":1,"isSvgAttr":true},"text-anchor":{"type":"opt","optionList":["start","middle","end"],"value":0,"isSvgAttr":true},"font-style":{"type":"opt","optionList":["normal","italic"],"value":0,"isSvgAttr":true},"x":{"type":"seq","value":0,"isSvgAttr":true,"scaleStep":1,"min":null,"max":null},"y":{"type":"seq","value":-15,"isSvgAttr":true,"scaleStep":1,"min":null,"max":null}},"Symbol":{"id":"legend-symbol-path-","spacing":{"type":"seq","value":25,"isSvgAttr":false,"scaleStep":1,"min":0,"max":null},"size":{"type":"seq","value":120,"isSvgAttr":false,"scaleStep":1,"min":1,"max":null},"fill-opacity":{"type":"seq","value":1,"isSvgAttr":true,"scaleStep":0.01,"min":0,"max":1},"stroke":{"type":"color","value":"#000000","isSvgAttr":false},"stroke-width":{"type":"seq","value":0,"isSvgAttr":false,"scaleStep":1,"min":0,"max":null},"stroke-opacity":{"type":"seq","value":1,"isSvgAttr":true,"scaleStep":0.01,"min":0,"max":1}},"Text style":{"id":"legend-item-text-","font-size":{"type":"seq","value":16,"isSvgAttr":true,"scaleStep":1,"min":0,"max":null},"fill":{"type":"color","value":"#000000","isSvgAttr":true},"font-weight":{"type":"opt","optionList":["normal","bold"],"value":0,"isSvgAttr":true},"text-anchor":{"type":"opt","optionList":["start","middle","end"],"value":0,"isSvgAttr":true},"font-style":{"type":"opt","optionList":["normal","italic"],"value":0,"isSvgAttr":true},"x":{"type":"seq","value":10,"isSvgAttr":true,"scaleStep":1,"min":null,"max":null}},"Layout":{"columns":{"type":"seq","value":1,"isSvgAttr":false,"scaleStep":1,"min":1,"max":null},"spacing":{"type":"seq","value":20,"isSvgAttr":false,"scaleStep":1,"min":0,"max":null}}},"BT color bar legend":{"Legend":{"switch":{"type":"check","value":true,"isFresh":true}},"Legend title":{"id":"heatmap-color-bar-title-","text":{"type":"text","value":"Bootstrap values","isSvgAttr":false},"font-size":{"type":"seq","value":14,"isSvgAttr":true,"scaleStep":0.5,"min":0,"max":null},"fill":{"type":"color","value":"#000000","isSvgAttr":true},"font-weight":{"type":"opt","optionList":["normal","bold"],"value":1,"isSvgAttr":true},"font-style":{"type":"opt","optionList":["normal","italic"],"value":0,"isSvgAttr":true},"text-anchor":{"type":"opt","optionList":["start","middle","end"],"value":1,"isSvgAttr":true},"x":{"type":"seq","value":0,"isSvgAttr":true,"scaleStep":1,"min":null,"max":null},"y":{"type":"seq","value":-10,"isSvgAttr":true,"scaleStep":1,"min":null,"max":null}},"ColorBar range":{"reverse":{"type":"check","value":false,"isFresh":true},"max-value":{"type":"text","value":"","isSvgAttr":true},"median-value":{"type":"text","value":"","isSvgAttr":true},"min-value":{"type":"text","value":"","isSvgAttr":true}},"ColorBar style":{"direction":{"type":"opt","optionList":["vertical","horizontal"],"value":0,"isSvgAttr":true},"width":{"type":"seq","value":20,"isSvgAttr":true,"scaleStep":1,"min":0,"max":null},"height":{"type":"seq","value":200,"isSvgAttr":true,"scaleStep":1,"min":0,"max":null},"stroke":{"type":"color","value":"#000000","isSvgAttr":true},"stroke-width":{"type":"seq","value":0,"isSvgAttr":true,"scaleStep":1,"min":0,"max":null}},"Tick style":{"id":"legendQvalue-item-tick-","tick-length":{"type":"seq","value":5,"isSvgAttr":false,"scaleStep":1,"min":0,"max":null},"stroke":{"type":"color","value":"#000000","isSvgAttr":true},"stroke-width":{"type":"seq","value":1,"isSvgAttr":true,"scaleStep":1,"min":0,"max":null}},"Text style":{"id":"legendQvalue-item-text-","position":{"type":"opt","optionList":["left/bottom","right/top"],"value":1,"isSvgAttr":true},"reverse":{"type":"check","value":true,"isFresh":true},"tickValues":{"type":"text","value":"","isSvgAttr":true,"helpLink":"/static/help_book/XYAxis-like_plot/Axis/Tick.html#tickvalues"},"tickFormat":{"type":"text","value":"","isSvgAttr":true,"helpLink":"/static/help_book/XYAxis-like_plot/Axis/Tick.html"},"font-size":{"type":"seq","value":16,"isSvgAttr":true,"scaleStep":1,"min":0,"max":null},"fill":{"type":"color","value":"#000000","isSvgAttr":true},"font-weight":{"type":"opt","optionList":["normal","bold"],"value":0,"isSvgAttr":true},"font-style":{"type":"opt","optionList":["normal","italic"],"value":0,"isSvgAttr":true},"offset":{"type":"seq","value":-6,"isSvgAttr":false,"scaleStep":1,"min":null,"max":null}}},"reset":{"Reroot tree":{"reset":{"type":"button","value":"","event":"resetRerootTree","isFresh":false,"iconClass":"cuIcon-refresh"}},"Reverse children":{"reset":{"type":"button","value":"","event":"resetReverseChildren","isFresh":false,"iconClass":"cuIcon-refresh"}},"Delete clade":{"reset":{"type":"button","value":"","event":"resetDeleteClade","isFresh":false,"iconClass":"cuIcon-refresh"}}}},"otherControlDataList":[],"webSiteUrl":"/normalTree.html","layer":{"layerStatistic":{},"layerList":[]}}