>BEAP0271 1781 bp,BEAP0271
>BEAP0296 1781 bp,BEAP0296
>BEAP0351 1781 bp,BEAP0351
>EF526832.1/1-1390 1781 bp,EF526832.1
>EF526920.1/1-1334 1781 bp,EF526920.1
>EF674349.1/1-870 1781 bp,EF674349.1
>AF534711_g-Microheliella|Microheliella+maris|strain=TCS-2002/1-1774 1781 bp,AF534711
>AB508339_g-Palpitomonas|Palpitomonas+bilix|strain=NIES-2562/1-1724 1781 bp,AB508339
>FJ969717_Kathablepharidacea|g-Roombia|Roombia+truncata|strain=Okamoto-2009/1-1798 1781 bp,FJ969717
>SL5-0266_Kathablepharidacea|KAT-1-lineage|clone=c-1611_conseq_Otu266_11_soil_Svartberget-peat/1-1232 1781 bp,SL5-0266
>DQ980481_Kathablepharidacea|core-kathablepharids|g-Leucocryptos|Leucocryptos+marina|strain=NIES-1335/1-1731 1781 bp,DQ980481
>AB772632_Kathablepharidacea|core-kathablepharids|HK-group|g-Hatena|Hatena+arenicola|strain=HY-048/1-1710 1781 bp,AB772632
>AB212285_Kathablepharidacea|core-kathablepharids|HK-group|g-Hatena|Hatena+arenicola/1-1721 1781 bp,AB212285
>AB231617_Kathablepharidacea|core-kathablepharids|HK-group|g-Katablepharis|Katablepharis+japonica|strain=NIES-1334/1-1710 1781 bp,AB231617
>AY919672_Kathablepharidacea|core-kathablepharids|HK-group|g-Katablepharis|Katablepharis+remigera|strain=Aleshin-2005/1-1743 1781 bp,AY919672
>FN690518_Kathablepharidacea|core-kathablepharids|HK-group|g-Katablepharis|5-E5-lineage|clone=5-E5/1-1694 1781 bp,FN690518
>JN705499_Kathablepharidacea|core-kathablepharids|HK-group|KAT-1-clade|clone=226Feb24_12E/1-1333 1781 bp,JN705499
>JN705519_Kathablepharidacea|core-kathablepharids|HK-group|227Jun21-lineage|clone=227Jun21_08F/1-1392 1781 bp,JN705519
>HQ191418_Kathablepharidacea|core-kathablepharids|PA2009D15-lineage|clone=PA2009D15/1-1740 1781 bp,HQ191418
>FW2-0517_Kathablepharidacea|core-kathablepharids|clone=c-346_conseq_Otu0517_28_freshwater_Erken-sed/1-1232 1781 bp,FW2-0517
>FW3-0189_Kathablepharidacea|core-kathablepharids|clone=c-3580_conseq_Otu0189_75_freshwater_permafrost/1-1231 1781 bp,FW3-0189
>LC151286_Cryptophyceae|CRY1-clade|hemiarmids|g-Hemiarma|Hemiarma+marina|strain=SRT149/1-1655 1781 bp,LC151286
>FJ537320_Cryptophyceae|CRY1-clade|hemiarmids|Biosope-group|clone=Biosope_T39.105/1-1781 1781 bp,FJ537320
>GU824726_Cryptophyceae|CRY1-clade|hemiarmids|Biosope-group|clone=BCI3F14RM1F08/1-1379 1781 bp,GU824726
>KF129950_Cryptophyceae|CRY1-clade|ST3960.102-lineage|clone=ST3960.102/1-1739 1781 bp,KF129950
>AY642699_Cryptophyceae|CRY1-clade|fw-CRY1-lineage|clone=P1.25/1-1770 1781 bp,AY642699
>AY919746_Cryptophyceae|CRY1-clade|fw-CRY1-lineage|clone=LG19-05/1-1710 1781 bp,AY919746
>DQ244012_Cryptophyceae|CRY1-clade|fw-CRY1-lineage|clone=PFF1AU2004/1-1770 1781 bp,DQ244012
>GU067784_Cryptophyceae|CRY1-clade|fw-CRY1-lineage|clone=ESS220206.005/1-1780 1781 bp,GU067784
>HQ219447_Cryptophyceae|CRY1-clade|fw-CRY1-lineage|clone=AY2009D5/1-1747 1781 bp,HQ219447
>EU446402_Cryptophyceae|CRY3-clade|cLA13D01-lineage|clone=cLA13D01/1-1544 1781 bp,EU446402
>JF791064_Cryptophyceae|CRY3-clade|G-7956-lineage|clone=7956/1-1777 1781 bp,JF791064
>EF172963_Cryptophyceae|CRY3-clade|SSRPD79-lineage|clone=SSRPD79/1-1667 1781 bp,EF172963
>GQ863814_Cryptophyceae|CRY3-clade|SSRPD79-lineage|clone=AMT15_15_10m_361/1-1651 1781 bp,GQ863814
>KJ762666_Cryptophyceae|CRY3-clade|SSRPD79-lineage|clone=SGYH513/1-1781 1781 bp,KJ762666
>SF1-0435_Cryptophyceae|CRY3-clade|SSRPD79-lineage|clone=c-4220_conseq_Otu0435_29_surface_Ms1-DCM/1-1227 1781 bp,SF1-0435
>EF526832_Cryptophyceae|CRY4-lineage|clone=NA1_3C10/1-1390 1781 bp,EF526832
>JN705503_Cryptophyceae|CRY5-lineage|clone=226Jun21_05A/1-1317 1781 bp,JN705503
>JQ434475_Cryptophyceae|goniomonads|Gavon-lineage|Goniomonas+avonlea|strain=CCMP-3327/1-1733 1781 bp,JQ434475
>LC647565_Cryptophyceae|goniomonads|Gavon-lineage|Goniomonas+avonlea|strain=NIES-1371/1-1799 1781 bp,LC647565
>AY360454_Cryptophyceae|goniomonads|Gpaci-group|Goniomonas+amphinema|strain=ATCC-50108/1-1789 1781 bp,AY360454
>AY360455_Cryptophyceae|goniomonads|Gpaci-group|Goniomonas+amphinema|strain=SH-1/1-1788 1781 bp,AY360455
>AY705738_Cryptophyceae|goniomonads|Gpaci-group|Goniomonas+amphinema|strain=SvdH-2004/1-1745 1781 bp,AY705738
>LC647567_Cryptophyceae|goniomonads|Gpaci-group|Goniomonas+amphinema|strain=NIES-1374/1-1791 1781 bp,LC647567
>AF508277_Cryptophyceae|goniomonads|Gpaci-group|Goniomonas+pacifica|strain=CCMP-1869/1-1721 1781 bp,AF508277
>AJ536451_Cryptophyceae|goniomonads|Gpaci-group|Goniomonas+pacifica|strain=Medlin-2003/1-1793 1781 bp,AJ536451
>AY360456_Cryptophyceae|goniomonads|Gpaci-group|Goniomonas+pacifica|strain=SH-2/1-1756 1781 bp,AY360456
>LC647566_Cryptophyceae|goniomonads|Gpaci-group|Goniomonas+pacifica|strain=NIES-1372/1-1799 1781 bp,LC647566
>HQ529498_Cryptophyceae|goniomonads|Gpaci-group|DFCe9-lineage|clone=DFCe9/1-974 1781 bp,HQ529498
>LC683686_Cryptophyceae|goniomonads|Gpaci-group|HAug1-lineage|strain=HAug1/1-1749 1781 bp,LC683686
>LC683681_Cryptophyceae|goniomonads|Gpaci-group|HAug1-lineage|strain=HJn25M12/1-1749 1781 bp,LC683681
>MT355153_Cryptophyceae|goniomonads|Gpaci-group|HFCC-157-lineage|strain=HFCC-157/1-1740 1781 bp,MT355153
>AB058389_Cryptophyceae|goniomonads|Gpaci-group|MBIC11052-lineage|strain=MBIC11052/1-1749 1781 bp,AB058389
>FW1-0576_Cryptophyceae|goniomonads|Gpaci-group|clone=m64077_200204_130436_77924002_ccs_double-barcode_Otu0576_3_freshwater_Erken-fw/1-1221 1781 bp,FW1-0576
>MK177625_Cryptophyceae|goniomonads|DDI190-lineage|clone=DDI190.fa/1-1693 1781 bp,MK177625
>KX431494_Cryptophyceae|goniomonads|HD4ft4-lineage|strain=HD4ft4.18/1-1183 1781 bp,KX431494
>DQ980479_Cryptophyceae|goniomonads|g-Goniomonas|Gtrun-group|Goniomonas+truncata|strain=TMG005/1-1933 1781 bp,DQ980479
>U03072___Cryptophyceae|goniomonads|g-Goniomonas|Gtrun-group|Goniomonas+truncata|strain=McFadden-1993/1-1944 1781 bp,U03072
>HQ659565_Cryptophyceae|goniomonads|g-Goniomonas|Gtrun-group|Goniomonas+truncata|strain=omc3/1-1944 1781 bp,HQ659565
>ON067811_Cryptophyceae|goniomonads|g-Goniomonas|Gtrun-group|Goniomonas+truncata|strain=H4/1-1018 1781 bp,ON067811
>FW1-0651_Cryptophyceae|goniomonads|g-Goniomonas|Gtrun-group|clone=m64077_200204_130436_113509477_ccs_double-barcode_Otu0651_2_freshwater_Erken-fw/1-1418 1781 bp,FW1-0651
>FW3-0548_Cryptophyceae|goniomonads|g-Goniomonas|Gtrun-group|clone=c-1279_conseq_Otu0548_9_freshwater_permafrost/1-1420 1781 bp,FW3-0548
>FW4-1155_Cryptophyceae|goniomonads|g-Goniomonas|Gtrun-group|clone=c-116_conseq_Otu1155_4_freshwater_Skogaryd-fw/1-1866 1781 bp,FW4-1155
>FW5-0034_Cryptophyceae|goniomonads|g-Goniomonas|Gtrun-group|clone=c-323_conseq_Otu034_913_freshwater_Svartberget-fw/1-1420 1781 bp,FW5-0034
>FW4-1259_Cryptophyceae|goniomonads|g-Goniomonas|Gtrun-group|clone=m64077_200204_130436_71961079_ccs_single-barcode_Otu1259_3_freshwater_Skogaryd-fw/1-1423 1781 bp,FW4-1259
>FW3-0449_Cryptophyceae|goniomonads|g-Goniomonas|Gtrun-group|clone=c-1344_conseq_Otu0449_14_freshwater_permafrost/1-1423 1781 bp,FW3-0449
>FW5-0385_Cryptophyceae|goniomonads|g-Goniomonas|Gtrun-group|clone=c-305_conseq_Otu385_3_freshwater_Svartberget-fw/1-1422 1781 bp,FW5-0385
>SL4-0466_Cryptophyceae|goniomonads|g-Goniomonas|Gtrun-group|clone=c-418_conseq_Otu466_6_soil_Skogaryd-peat/1-1424 1781 bp,SL4-0466
>FW3-0381_Cryptophyceae|goniomonads|g-Goniomonas|Gtrun-group|clone=c-1293_conseq_Otu0381_19_freshwater_permafrost/1-1423 1781 bp,FW3-0381
>AY360457_Cryptophyceae|goniomonads|g-Goniomonas|Sophie-group|SH-3-lineage|strain=SH-3/1-2046 1781 bp,AY360457
>AY360458_Cryptophyceae|goniomonads|g-Goniomonas|Sophie-group|SH-4-lineage|strain=SH-4/1-2038 1781 bp,AY360458
>AY360459_Cryptophyceae|goniomonads|g-Goniomonas|Sophie-group|SH-5-lineage|strain=SH-5/1-1988 1781 bp,AY360459
>AY360460_Cryptophyceae|goniomonads|g-Goniomonas|Sophie-group|SH-5-lineage|strain=SH-6/1-1957 1781 bp,AY360460
>AY705740_Cryptophyceae|goniomonads|g-Goniomonas|Sophie-group|SH-5-lineage|strain=SH-9/1-2044 1781 bp,AY705740
>LC000677_Cryptophyceae|goniomonads|g-Goniomonas|Sophie-group|SH-5-lineage|strain=TGKH7/1-1960 1781 bp,LC000677
>AY705739_Cryptophyceae|goniomonads|g-Goniomonas|Sophie-group|SH-8-lineage|strain=SH-8/1-2046 1781 bp,AY705739
>FW3-0271_Cryptophyceae|goniomonads|g-Goniomonas|Sophie-group|clone=c-399_conseq_Otu0271_35_freshwater_permafrost/1-1482 1781 bp,FW3-0271
>FW4-1317_Cryptophyceae|goniomonads|g-Goniomonas|Sophie-group|clone=c-361_conseq_Otu1317_3_freshwater_Skogaryd-fw/1-1451 1781 bp,FW4-1317
>FW4-0796_Cryptophyceae|goniomonads|g-Goniomonas|Sophie-group|clone=c-366_conseq_Otu0796_7_freshwater_Skogaryd-fw/1-1436 1781 bp,FW4-0796
>GQ375264_Cryptophyceae|Cryptomonadales|g-Baffinella|Baffinella+frigidus|strain=CCMP-2045/1-1704 1781 bp,GQ375264
>GQ375265_Cryptophyceae|Cryptomonadales|g-Baffinella|Baffinella+frigidus|strain=CCMP-2293/1-1724 1781 bp,GQ375265
>KF734089_Cryptophyceae|Cryptomonadales|g-Baffinella|strain=CRY1V/1-1730 1781 bp,KF734089
>AF143943_Cryptophyceae|Cryptomonadales|g-Falcomonas|Falcomonas+daucoides|strain=ShP-CSU/1-1734 1781 bp,AF143943
>HM126536_Cryptophyceae|Cryptomonadales|g-Proteomonas|Proteomonas+sulcata|strain=CCMP-321/1-1740 1781 bp,HM126536
>MK828429_Cryptophyceae|Cryptomonadales|g-Proteomonas|strain=CCMP-2715/1-1712 1781 bp,MK828429
>JN050857_Cryptophyceae|Cryptomonadales|g-Urgorri|Urgorri+complanatus|strain=Cr1EHU/1-1699 1781 bp,JN050857
>JQ420116_Cryptophyceae|Cryptomonadales|g-Urgorri|clone=Q3-10/1-1753 1781 bp,JQ420116
>AF508267_Cryptophyceae|Cryptomonadales|g-Cryptomonas|Cryptomonas+pyrenoidifera|strain=CCMP-152/1-1726 1781 bp,AF508267
>AJ007281_Cryptophyceae|Cryptomonadales|g-Cryptomonas|Cryptomonas+obovoidea|strain=M1094/1-1746 1781 bp,AJ007281
>AJ421149_Cryptophyceae|Cryptomonadales|g-Cryptomonas|Cryptomonas+gyropyrenoidosa|strain=M1079/1-1703 1781 bp,AJ421149
>AM051188_Cryptophyceae|Cryptomonadales|g-Cryptomonas|Cryptomonas+borealis|strain=CCAC-0113/1-1659 1781 bp,AM051188
>AM051189_Cryptophyceae|Cryptomonadales|g-Cryptomonas|Cryptomonas+curvata|strain=CCAC-0080/1-1684 1781 bp,AM051189
>AM051192_Cryptophyceae|Cryptomonadales|g-Cryptomonas|Cryptomonas+marssonii|strain=CCAC-0103/1-1673 1781 bp,AM051192
>AM051195_Cryptophyceae|Cryptomonadales|g-Cryptomonas|Cryptomonas+paramecium|strain=M2180/1-1666 1781 bp,AM051195
>AM051198_Cryptophyceae|Cryptomonadales|g-Cryptomonas|Cryptomonas+tetrapyrenoidosa|strain=M1092/1-1673 1781 bp,AM051198
>AM051201_Cryptophyceae|Cryptomonadales|g-Cryptomonas|Cryptomonas+erosa|strain=M0741/1-1602 1781 bp,AM051201
>AM901364_Cryptophyceae|Cryptomonadales|g-Cryptomonas|Cryptomonas+commutata|strain=M1975/1-1635 1781 bp,AM901364
>AJ420696_Cryptophyceae|Cryptomonadales|g-Cryptomonas|strain=SCCAP-K-0063/1-1706 1781 bp,AJ420696
>AB058368_Cryptophyceae|Cryptomonadales|lineage-B|g-Geminigera|Geminigera+cryophila|strain=MBIC10575/1-1726 1781 bp,AB058368
>AF508272_Cryptophyceae|Cryptomonadales|lineage-B|Plagioselmis+prolonga|strain=MUCC012/1-1727 1781 bp,AF508272
>AF508275_Cryptophyceae|Cryptomonadales|lineage-B|Teleaulax+acuta|strain=MUCC088/1-1724 1781 bp,AF508275
>AJ007287_Cryptophyceae|Cryptomonadales|lineage-B|Teleaulax+amphioxeia|strain=SCCAP-K-0434/1-1750 1781 bp,AJ007287
>EF195735_Cryptophyceae|Cryptomonadales|lineage-B|strain=CR-MAL01/1-1746 1781 bp,EF195735
>FM876311_Cryptophyceae|Cryptomonadales|lineage-B|Plagioselmis+nannoplanctica|strain=N750301/1-1764 1781 bp,FM876311
>HM126531_Cryptophyceae|Cryptomonadales|lineage-B|Teleaulax+acuta|strain=K-1486/1-1730 1781 bp,HM126531
>KC928320_Cryptophyceae|Cryptomonadales|lineage-B|Plagioselmis+lacustris|strain=HB2011-4pn/1-1650 1781 bp,KC928320
>X57162___Cryptophyceae|Cryptomonadales|lineage-C|g-Guillardia|Guillardia+theta|strain=Gray-1991/1-1773 1781 bp,X57162
>U53126___Cryptophyceae|Cryptomonadales|lineage-C|g-Hanusia|Hanusia+phi|strain=CCMP-325/1-1756 1781 bp,U53126
>AB240961_Cryptophyceae|Cryptomonadales|lineage-D|Cafricana-clade|strain=NIES-704/1-1610 1781 bp,AB240961
>AF508269_Cryptophyceae|Cryptomonadales|lineage-D|g-Komma|strain=MUCC-231/1-1725 1781 bp,AF508269
>AJ007277_Cryptophyceae|Cryptomonadales|lineage-D|g-Chroomonas|Chroomonas+nordstedtii|strain=M1312/1-1763 1781 bp,AJ007277
>AJ420699_Cryptophyceae|Cryptomonadales|lineage-D|g-Chroomonas|Chroomonas+debatzensis|strain=M1703/1-1713 1781 bp,AJ420699
>AM901353_Cryptophyceae|Cryptomonadales|lineage-D|g-Hemiselmis|Hemiselmis+andersenii|strain=CCMP-1180/1-1669 1781 bp,AM901353
>AM901354_Cryptophyceae|Cryptomonadales|lineage-D|g-Hemiselmis|Hemiselmis+cryptochromatica|strain=CCMP-1181/1-1662 1781 bp,AM901354
>AM901358_Cryptophyceae|Cryptomonadales|lineage-D|g-Komma|Komma+caudata|strain=M1074/1-1585 1781 bp,AM901358
>AM901365_Cryptophyceae|Cryptomonadales|lineage-D|Cafricana-clade|strain=M2067/1-1660 1781 bp,AM901365
>HG328376_Cryptophyceae|Cryptomonadales|lineage-D|Cafricana-clade|Chroomonas+africana|strain=Hoef-Emden-2013/1-1628 1781 bp,HG328376
>HG328379_Cryptophyceae|Cryptomonadales|lineage-D|g-Komma|strain=NIES-712/1-1705 1781 bp,HG328379
>HG328380_Cryptophyceae|Cryptomonadales|lineage-D|Cafricana-clade|strain=NIES-713/1-1695 1781 bp,HG328380
>HM126533_Cryptophyceae|Cryptomonadales|lineage-D|g-Hemiselmis|Hemiselmis+tepida|strain=CCMP-442/1-1740 1781 bp,HM126533
>HM126534_Cryptophyceae|Cryptomonadales|lineage-D|g-Chroomonas|Chroomonas+gentoftensis|strain=K-0432/1-1744 1781 bp,HM126534
>JF790984_Cryptophyceae|Cryptomonadales|lineage-D|g-Hemiselmis|strain=1121/1-1777 1781 bp,JF790984
>KC928311_Cryptophyceae|Cryptomonadales|lineage-D|Cafricana-clade|strain=HB2011-1co/1-1678 1781 bp,KC928311
>KC928312_Cryptophyceae|Cryptomonadales|lineage-D|Cafricana-clade|strain=HB2011-2co/1-1682 1781 bp,KC928312
>AB240956_Cryptophyceae|Cryptomonadales|lineage-E|Rirregularis-clade|strain=NIES-697/1-1602 1781 bp,AB240956
>AB240957_Cryptophyceae|Cryptomonadales|lineage-E|Rpauca-clade|strain=NIES-699/1-1602 1781 bp,AB240957
>AB240959_Cryptophyceae|Cryptomonadales|lineage-E|Rpauca-clade|strain=NIES-702/1-1602 1781 bp,AB240959
>AF508273_Cryptophyceae|Cryptomonadales|lineage-E|Rpauca-clade|strain=Deane-2002/1-1727 1781 bp,AF508273
>AF508276_Cryptophyceae|Cryptomonadales|lineage-E|Rduplex-clade|strain=CCMP-1868/1-1725 1781 bp,AF508276
>EF195733_Cryptophyceae|Cryptomonadales|lineage-E|Rpauca-clade|strain=CR-MAL06/1-1724 1781 bp,EF195733
>EF195737_Cryptophyceae|Cryptomonadales|lineage-E|strain=CR-MAL03/1-1721 1781 bp,EF195737
>HF952557_Cryptophyceae|Cryptomonadales|lineage-E|Rpauca-clade|Rhinomonas+nottbecki|strain=07B5/1-1597 1781 bp,HF952557
>HM126532_Cryptophyceae|Cryptomonadales|lineage-E|Rpauca-clade|strain=K-1487/1-1732 1781 bp,HM126532
>KY980314_Cryptophyceae|Cryptomonadales|lineage-E|strain=BH56_201/1-1664 1781 bp,KY980314
>KY980340_Cryptophyceae|Cryptomonadales|lineage-E|strain=BH65_13/1-1664 1781 bp,KY980340
>MH107134_Cryptophyceae|Cryptomonadales|lineage-E|Rduplex-clade|strain=rCR01_LOHABE/1-1698 1781 bp,MH107134
>MK828431_Cryptophyceae|Cryptomonadales|lineage-E|Rabbreviata-clade|strain=CCMP-1178/1-1701 1781 bp,MK828431
>U53130___Cryptophyceae|Cryptomonadales|lineage-E|Rpauca-clade|Storeatula+major|strain=CCMP-320/1-1768 1781 bp,U53130
>U53132___Cryptophyceae|Cryptomonadales|lineage-E|Rpauca-clade|Rhinomonas+pauca|strain=MUCC-Cr-47/1-1770 1781 bp,U53132
>X54276___Cryptophyceae|Cryptomonadales|lineage-E|Rirregularis-clade|strain=Wolters-1990/1-1762 1781 bp,X54276
>X81373___Cryptophyceae|Cryptomonadales|lineage-E|Rpauca-clade|strain=Schorpp-1994/1-1756 1781 bp,X81373
>AM051200/1-1719 1781 bp,AM051200
>BEAP0335/1-1711 1781 bp,BEAP0335
>BEAP0340/1-1716 1781 bp,BEAP0340
>BEAP0342/1-1711 1781 bp,BEAP0342
>BEAP0338/1-1590 1781 bp,BEAP0338
>BEAP0073/1-1716 1781 bp,BEAP0073
>BEAP0077/1-1716 1781 bp,BEAP0077
>BEAP0078/1-1716 1781 bp,BEAP0078
>BEAP0079/1-1711 1781 bp,BEAP0079
>BEAP0087/1-1718 1781 bp,BEAP0087
>BEAP0092/1-1710 1781 bp,BEAP0092
>BEAP0096/1-1716 1781 bp,BEAP0096
>BEAP0122/1-1714 1781 bp,BEAP0122
>BEAP0123/1-1712 1781 bp,BEAP0123
>BEAP0128/1-1711 1781 bp,BEAP0128
>BEAP0141/1-1710 1781 bp,BEAP0141
>BEAP0150/1-1594 1781 bp,BEAP0150
>BEAP0191/1-1710 1781 bp,BEAP0191
>BEAP0220/1-1711 1781 bp,BEAP0220
>BEAP0227/1-1711 1781 bp,BEAP0227
>HFCC162/1-1848 1781 bp,HFCC162
>HFCC235/1-1888 1781 bp,HFCC235
>HFCC232/1-1865 1781 bp,HFCC232
>HFCC251/1-1003 1781 bp,HFCC251
>HFCC659/1-1955 1781 bp,HFCC659
>HFCC23/1-1974 1781 bp,HFCC23
>HFCC163/1-1968 1781 bp,HFCC163
>HFCC5008/1-1970 1781 bp,HFCC5008
>HFCC5007/1-2032 1781 bp,HFCC5007
>BEAP0122b/1-1712 1781 bp,BEAP0122b
>HFCC22/1-1667 1781 bp,HFCC22
>BEAP0077a/1-1714 1781 bp,BEAP0077a
>BEAP0096b/1-1714 1781 bp,BEAP0096b
>BEAP0128b/1-1707 1781 bp,BEAP0128b
>BEAP0079a/1-1707 1781 bp,BEAP0079a
>BEAP0092b/1-1705 1781 bp,BEAP0092b
>HFCC1525/1-1651 1781 bp,HFCC1525
>HFCC662/1-1569 1781 bp,HFCC662
>DQ222877/1-1801 1781 bp,DQ222877
>HFCC_1666_18S_For_590For_Rev_consensus/1-1598 1781 bp,HFCC
>MW381698/1-390 1781 bp,MW381698
>HFCC157/1-1650 1781 bp,HFCC157
>HFCC5003/1-1584 1781 bp,HFCC5003
>HFCC841/1-1696 1781 bp,HFCC841
>HFCC272/1-1532 1781 bp,HFCC272
>X70803/1-1816 1781 bp,X70803
>L34670/1-1797 1781 bp,L34670
>X77480/1-1801 1781 bp,X77480
>AY827844/1-1766 1781 bp,AY827844
>X68483/1-1797 1781 bp,X68483
>AJ564772/1-1829 1781 bp,AJ564772
>AF106051/1-1795 1781 bp,AF106051
