KX431494_Cryptophyceae|goniomonads|HD4ft4-lineage|strain=HD4ft4.18/1-1183
EF674349.1/1-870
LC683681_Cryptophyceae|goniomonads|Gpaci-group|HAug1-lineage|strain=HJn25M12/1-1749
LC683686_Cryptophyceae|goniomonads|Gpaci-group|HAug1-lineage|strain=HAug1/1-1749
PQ448234.1
PQ443867.1
PQ448237.1
PQ444058.1
HFCC272/1-1532
PQ444054.1
AB058389_Cryptophyceae|goniomonads|Gpaci-group|MBIC11052-lineage|strain=MBIC11052/1-1749
PQ443955.1
PQ443870.1
PQ443957.1
PQ490427.1
PQ444059.1
HFCC5003/1-1584
PQ443872.1
PQ436815.1
PQ443954.1
PQ443871.1
HFCC841/1-1696
PQ436665.1
PQ432910.1
BEAP0123/1-1712
AY360454_Cryptophyceae|goniomonads|Gpaci-group|Goniomonas+amphinema|strain=ATCC-50108/1-1789
BEAP0271/1-1707
HFCC_1666_18S_For_590For_Rev_consensus/1-1598
MW381698/1-390
LC647567_Cryptophyceae|goniomonads|Gpaci-group|Goniomonas+amphinema|strain=NIES-1374/1-1791
BEAP0191/1-1710
BEAP0141/1-1710
AY705738_Cryptophyceae|goniomonads|Gpaci-group|Goniomonas+amphinema|strain=SvdH-2004/1-1745
AY360455_Cryptophyceae|goniomonads|Gpaci-group|Goniomonas+amphinema|strain=SH-1/1-1788
BEAP0150/1-1594
BEAP0122/1-1714
BEAP0122b/1-1712
PQ444035.1
HFCC157/1-1650
MT355153_Cryptophyceae|goniomonads|Gpaci-group|HFCC-157-lineage|strain=HFCC-157/1-1740
PQ436816.1
BEAP0128b/1-1707
BEAP0128/1-1711
PQ436667.1
BEAP0342/1-1711
PQ436670.1
BEAP0338/1-1590
BEAP0092/1-1710
BEAP0092b/1-1705
BEAP0079a/1-1707
BEAP0079/1-1711
BEAP0227/1-1711
BEAP0335/1-1711
BEAP0220/1-1711
FW1-0576_Cryptophyceae|goniomonads|Gpaci-group|clone=m64077_200204_130436_77924002_ccs_double-barcode_Otu0576_3_freshwater_Erken-fw/1-1221
PQ444052.1
PQ444042.1
PQ444034.1
AY360454_Cryptophyceae|goniomonads|Gpaci-group|Goniomonas+amphinema|strain=ATCC-50108/1-1789
BEAP0123/1-1712
BEAP0271
HFCC_1666_18S_For_590For_Rev_consensus/1-1598
MW381698/1-390
LC647567_Cryptophyceae|goniomonads|Gpaci-group|Goniomonas+amphinema|strain=NIES-1374/1-1791
AY705738_Cryptophyceae|goniomonads|Gpaci-group|Goniomonas+amphinema|strain=SvdH-2004/1-1745
AY360455_Cryptophyceae|goniomonads|Gpaci-group|Goniomonas+amphinema|strain=SH-1/1-1788
BEAP0191/1-1710
BEAP0351/1-1718
HFCC662/1-1569
BEAP0296/1-1718
LC647566_Cryptophyceae|goniomonads|Gpaci-group|Goniomonas+pacifica|strain=NIES-1372/1-1799
BEAP0087/1-1718
AF508277_Cryptophyceae|goniomonads|Gpaci-group|Goniomonas+pacifica|strain=CCMP-1869/1-1721
AJ536451_Cryptophyceae|goniomonads|Gpaci-group|Goniomonas+pacifica|strain=Medlin-2003/1-1793
EU047707.1
AY360456_Cryptophyceae|goniomonads|Gpaci-group|Goniomonas+pacifica|strain=SH-2/1-1756
LC647565_Cryptophyceae|goniomonads|Gavon-lineage|Goniomonas+avonlea|strain=NIES-1371/1-1799
JQ434475_Cryptophyceae|goniomonads|Gavon-lineage|Goniomonas+avonlea|strain=CCMP-3327/1-1733
PQ444071.1
HFCC1525/1-1651
BEAP0077a/1-1714
BEAP0077/1-1716
HQ529498_Cryptophyceae|goniomonads|Gpaci-group|DFCe9-lineage|clone=DFCe9/1-974
BEAP0078/1-1716
BEAP0073/1-1716
BEAP0340/1-1716
BEAP0096/1-1716
BEAP0096b/1-1714
EF526832.1/1-1390
EF526920.1/1-1334
KF129950_Cryptophyceae|CRY1-clade|ST3960.102-lineage|clone=ST3960.102/1-1739
LC151286_Cryptophyceae|CRY1-clade|hemiarmids|g-Hemiarma|Hemiarma+marina|strain=SRT149/1-1655
GU824726_Cryptophyceae|CRY1-clade|hemiarmids|Biosope-group|clone=BCI3F14RM1F08/1-1379
FJ537320_Cryptophyceae|CRY1-clade|hemiarmids|Biosope-group|clone=Biosope_T39.105/1-1781
AY642699_Cryptophyceae|CRY1-clade|fw-CRY1-lineage|clone=P1.25/1-1770
AY919746_Cryptophyceae|CRY1-clade|fw-CRY1-lineage|clone=LG19-05/1-1710
HQ219447_Cryptophyceae|CRY1-clade|fw-CRY1-lineage|clone=AY2009D5/1-1747
DQ244012_Cryptophyceae|CRY1-clade|fw-CRY1-lineage|clone=PFF1AU2004/1-1770
GU067784_Cryptophyceae|CRY1-clade|fw-CRY1-lineage|clone=ESS220206.005/1-1780
MK177625_Cryptophyceae|goniomonads|DDI190-lineage|clone=DDI190.fa/1-1693
HFCC22/1-1667
FW3-0548_Cryptophyceae|goniomonads|g-Goniomonas|Gtrun-group|clone=c-1279_conseq_Otu0548_9_freshwater_permafrost/1-1420
SL4-0466_Cryptophyceae|goniomonads|g-Goniomonas|Gtrun-group|clone=c-418_conseq_Otu466_6_soil_Skogaryd-peat/1-1424
FW4-1155_Cryptophyceae|goniomonads|g-Goniomonas|Gtrun-group|clone=c-116_conseq_Otu1155_4_freshwater_Skogaryd-fw/1-1866
FW1-0651_Cryptophyceae|goniomonads|g-Goniomonas|Gtrun-group|clone=m64077_200204_130436_113509477_ccs_double-barcode_Otu0651_2_freshwater_Erken-fw/1-1418
FW5-0385_Cryptophyceae|goniomonads|g-Goniomonas|Gtrun-group|clone=c-305_conseq_Otu385_3_freshwater_Svartberget-fw/1-1422
FW4-1259_Cryptophyceae|goniomonads|g-Goniomonas|Gtrun-group|clone=m64077_200204_130436_71961079_ccs_single-barcode_Otu1259_3_freshwater_Skogaryd-fw/1-1423
FW3-0449_Cryptophyceae|goniomonads|g-Goniomonas|Gtrun-group|clone=c-1344_conseq_Otu0449_14_freshwater_permafrost/1-1423
HFCC162/1-1848
DQ980479_Cryptophyceae|goniomonads|g-Goniomonas|Gtrun-group|Goniomonas+truncata|strain=TMG005/1-1933
ON067811_Cryptophyceae|goniomonads|g-Goniomonas|Gtrun-group|Goniomonas+truncata|strain=H4/1-1018
HQ659565_Cryptophyceae|goniomonads|g-Goniomonas|Gtrun-group|Goniomonas+truncata|strain=omc3/1-1944
U03072___Cryptophyceae|goniomonads|g-Goniomonas|Gtrun-group|Goniomonas+truncata|strain=McFadden-1993/1-1944
AY360457_Cryptophyceae|goniomonads|g-Goniomonas|Sophie-group|SH-3-lineage|strain=SH-3/1-2046
FW4-0796_Cryptophyceae|goniomonads|g-Goniomonas|Sophie-group|clone=c-366_conseq_Otu0796_7_freshwater_Skogaryd-fw/1-1436
HFCC232/1-1865
HFCC235/1-1888
FW4-1317_Cryptophyceae|goniomonads|g-Goniomonas|Sophie-group|clone=c-361_conseq_Otu1317_3_freshwater_Skogaryd-fw/1-1451
HFCC251/1-1003
AY705739_Cryptophyceae|goniomonads|g-Goniomonas|Sophie-group|SH-8-lineage|strain=SH-8/1-2046
FW3-0271_Cryptophyceae|goniomonads|g-Goniomonas|Sophie-group|clone=c-399_conseq_Otu0271_35_freshwater_permafrost/1-1482
HFCC659/1-1955
HFCC23/1-1974
AY705740_Cryptophyceae|goniomonads|g-Goniomonas|Sophie-group|SH-5-lineage|strain=SH-9/1-2044
HFCC163/1-1968
LC000677_Cryptophyceae|goniomonads|g-Goniomonas|Sophie-group|SH-5-lineage|strain=TGKH7/1-1960
HFCC5008/1-1970
HFCC5007/1-2032
AY360458_Cryptophyceae|goniomonads|g-Goniomonas|Sophie-group|SH-4-lineage|strain=SH-4/1-2038
AY360459_Cryptophyceae|goniomonads|g-Goniomonas|Sophie-group|SH-5-lineage|strain=SH-5/1-1988
AY360460_Cryptophyceae|goniomonads|g-Goniomonas|Sophie-group|SH-5-lineage|strain=SH-6/1-1957
X54276___Cryptophyceae|Cryptomonadales|lineage-E|Rirregularis-clade|strain=Wolters-1990/1-1762
AB240956_Cryptophyceae|Cryptomonadales|lineage-E|Rirregularis-clade|strain=NIES-697/1-1602
HF952557_Cryptophyceae|Cryptomonadales|lineage-E|Rpauca-clade|Rhinomonas+nottbecki|strain=07B5/1-1597
EF195737_Cryptophyceae|Cryptomonadales|lineage-E|strain=CR-MAL03/1-1721
KY980314_Cryptophyceae|Cryptomonadales|lineage-E|strain=BH56_201/1-1664
KY980340_Cryptophyceae|Cryptomonadales|lineage-E|strain=BH65_13/1-1664
AF508273_Cryptophyceae|Cryptomonadales|lineage-E|Rpauca-clade|strain=Deane-2002/1-1727
U53132___Cryptophyceae|Cryptomonadales|lineage-E|Rpauca-clade|Rhinomonas+pauca|strain=MUCC-Cr-47/1-1770
U53130___Cryptophyceae|Cryptomonadales|lineage-E|Rpauca-clade|Storeatula+major|strain=CCMP-320/1-1768
X81373___Cryptophyceae|Cryptomonadales|lineage-E|Rpauca-clade|strain=Schorpp-1994/1-1756
HM126532_Cryptophyceae|Cryptomonadales|lineage-E|Rpauca-clade|strain=K-1487/1-1732
EF195733_Cryptophyceae|Cryptomonadales|lineage-E|Rpauca-clade|strain=CR-MAL06/1-1724
AB240959_Cryptophyceae|Cryptomonadales|lineage-E|Rpauca-clade|strain=NIES-702/1-1602
AB240957_Cryptophyceae|Cryptomonadales|lineage-E|Rpauca-clade|strain=NIES-699/1-1602
AF143943_Cryptophyceae|Cryptomonadales|g-Falcomonas|Falcomonas+daucoides|strain=ShP-CSU/1-1734
AM901354_Cryptophyceae|Cryptomonadales|lineage-D|g-Hemiselmis|Hemiselmis+cryptochromatica|strain=CCMP-1181/1-1662
HM126533_Cryptophyceae|Cryptomonadales|lineage-D|g-Hemiselmis|Hemiselmis+tepida|strain=CCMP-442/1-1740
AM901353_Cryptophyceae|Cryptomonadales|lineage-D|g-Hemiselmis|Hemiselmis+andersenii|strain=CCMP-1180/1-1669
JF790984_Cryptophyceae|Cryptomonadales|lineage-D|g-Hemiselmis|strain=1121/1-1777
HM126534_Cryptophyceae|Cryptomonadales|lineage-D|g-Chroomonas|Chroomonas+gentoftensis|strain=K-0432/1-1744
AJ420699_Cryptophyceae|Cryptomonadales|lineage-D|g-Chroomonas|Chroomonas+debatzensis|strain=M1703/1-1713
AJ007277_Cryptophyceae|Cryptomonadales|lineage-D|g-Chroomonas|Chroomonas+nordstedtii|strain=M1312/1-1763
AF508269_Cryptophyceae|Cryptomonadales|lineage-D|g-Komma|strain=MUCC-231/1-1725
AM901358_Cryptophyceae|Cryptomonadales|lineage-D|g-Komma|Komma+caudata|strain=M1074/1-1585
HG328379_Cryptophyceae|Cryptomonadales|lineage-D|g-Komma|strain=NIES-712/1-1705
HG328380_Cryptophyceae|Cryptomonadales|lineage-D|Cafricana-clade|strain=NIES-713/1-1695
AM901365_Cryptophyceae|Cryptomonadales|lineage-D|Cafricana-clade|strain=M2067/1-1660
HG328376_Cryptophyceae|Cryptomonadales|lineage-D|Cafricana-clade|Chroomonas+africana|strain=Hoef-Emden-2013/1-1628
AB240961_Cryptophyceae|Cryptomonadales|lineage-D|Cafricana-clade|strain=NIES-704/1-1610
KC928312_Cryptophyceae|Cryptomonadales|lineage-D|Cafricana-clade|strain=HB2011-2co/1-1682
KC928311_Cryptophyceae|Cryptomonadales|lineage-D|Cafricana-clade|strain=HB2011-1co/1-1678
KF734089_Cryptophyceae|Cryptomonadales|g-Baffinella|strain=CRY1V/1-1730
GQ375265_Cryptophyceae|Cryptomonadales|g-Baffinella|Baffinella+frigidus|strain=CCMP-2293/1-1724
GQ375264_Cryptophyceae|Cryptomonadales|g-Baffinella|Baffinella+frigidus|strain=CCMP-2045/1-1704
JN050857_Cryptophyceae|Cryptomonadales|g-Urgorri|Urgorri+complanatus|strain=Cr1EHU/1-1699
JQ420116_Cryptophyceae|Cryptomonadales|g-Urgorri|clone=Q3-10/1-1753
AF508275_Cryptophyceae|Cryptomonadales|lineage-B|Teleaulax+acuta|strain=MUCC088/1-1724
HM126531_Cryptophyceae|Cryptomonadales|lineage-B|Teleaulax+acuta|strain=K-1486/1-1730
FM876311_Cryptophyceae|Cryptomonadales|lineage-B|Plagioselmis+nannoplanctica|strain=N750301/1-1764
AB058368_Cryptophyceae|Cryptomonadales|lineage-B|g-Geminigera|Geminigera+cryophila|strain=MBIC10575/1-1726
AF508272_Cryptophyceae|Cryptomonadales|lineage-B|Plagioselmis+prolonga|strain=MUCC012/1-1727
KC928320_Cryptophyceae|Cryptomonadales|lineage-B|Plagioselmis+lacustris|strain=HB2011-4pn/1-1650
EF195735_Cryptophyceae|Cryptomonadales|lineage-B|strain=CR-MAL01/1-1746
AJ007287_Cryptophyceae|Cryptomonadales|lineage-B|Teleaulax+amphioxeia|strain=SCCAP-K-0434/1-1750
U53126___Cryptophyceae|Cryptomonadales|lineage-C|g-Hanusia|Hanusia+phi|strain=CCMP-325/1-1756
X57162___Cryptophyceae|Cryptomonadales|lineage-C|g-Guillardia|Guillardia+theta|strain=Gray-1991/1-1773
AM051195_Cryptophyceae|Cryptomonadales|g-Cryptomonas|Cryptomonas+paramecium|strain=M2180/1-1666
AM051189_Cryptophyceae|Cryptomonadales|g-Cryptomonas|Cryptomonas+curvata|strain=CCAC-0080/1-1684
AJ420696_Cryptophyceae|Cryptomonadales|g-Cryptomonas|strain=SCCAP-K-0063/1-1706
AJ421149_Cryptophyceae|Cryptomonadales|g-Cryptomonas|Cryptomonas+gyropyrenoidosa|strain=M1079/1-1703
AM051188_Cryptophyceae|Cryptomonadales|g-Cryptomonas|Cryptomonas+borealis|strain=CCAC-0113/1-1659
AM051198_Cryptophyceae|Cryptomonadales|g-Cryptomonas|Cryptomonas+tetrapyrenoidosa|strain=M1092/1-1673
AF508267_Cryptophyceae|Cryptomonadales|g-Cryptomonas|Cryptomonas+pyrenoidifera|strain=CCMP-152/1-1726
AM051192_Cryptophyceae|Cryptomonadales|g-Cryptomonas|Cryptomonas+marssonii|strain=CCAC-0103/1-1673
AM051201_Cryptophyceae|Cryptomonadales|g-Cryptomonas|Cryptomonas+erosa|strain=M0741/1-1602
AM901364_Cryptophyceae|Cryptomonadales|g-Cryptomonas|Cryptomonas+commutata|strain=M1975/1-1635
AM051200/1-1719
AJ007281_Cryptophyceae|Cryptomonadales|g-Cryptomonas|Cryptomonas+obovoidea|strain=M1094/1-1746
