full,short,branch_name,CR_CR_ID,CR_CR_genus,CR_CR_species,special_Separator,authorship_sensu,Notes
>BEAP0079a  1781 bp,>BEAP0079a,,,Poseidogonimonas or sister,,special_Separator,,
>BEAP0079a  1781 bp,>BEAP0079a,,,Poseidogonimonas or sister,,special_Separator,,
>BEAP0128b  1781 bp,>BEAP0128b,,,Poseidogonimonas,,special_Separator,,
>BEAP0128b  1781 bp,>BEAP0128b,,,Poseidogonimonas,,special_Separator,,
>BEAP0220  1781 bp,>BEAP0220,,,Poseidogonimonas or sister,,special_Separator,,
>BEAP0271  1781 bp,>BEAP0271,,,Thalassogonimonas,,special_Separator,,
>BEAP0296  1781 bp,>BEAP0296,,,Cosmogoniomonas,,special_Separator,,
>BEAP0351  1781 bp,>BEAP0351,,,Cosmogoniomonas,,special_Separator,,
>EF526920.1 1781 bp,>EF526920.1,,EF526920.1,,,special_Separator,,
>EF674349.1 1781 bp,>EF674349.1,,EF674349.1,Marigoniomonas,,special_Separator,,
>BEAP0335 1781 bp,>BEAP0335,,,Poseidogonimonas or sister,,special_Separator,,
>BEAP0338 1781 bp,>BEAP0338,,,Poseidogonimonas or sister,,special_Separator,,
>BEAP0340 1781 bp,>BEAP0340,,,BEAPgoniomonas,,special_Separator,,
>BEAP0342 1781 bp,>BEAP0342,,,Poseidogonimonas,,special_Separator,,
>BEAP0073/1-1716 1781 bp,>BEAP0073,,,BEAPgoniomonas,,special_Separator,,
>BEAP0077/1-1716 1781 bp,>BEAP0077,,,BEAPgoniomonas,,special_Separator,,
>BEAP0077a/1-1714 1781 bp,>BEAP0077a,,,BEAPgoniomonas,,special_Separator,,
>BEAP0087/1-1718 1781 bp,>BEAP0087,,,Cosmogoniomonas,,special_Separator,,
>BEAP0092/1-1710 1781 bp,>BEAP0092,,,Poseidogonimonas or sister,,special_Separator,,
>BEAP0092b/1-1705 1781 bp,>BEAP0092b,,,Poseidogonimonas or sister,,special_Separator,,
>BEAP0096/1-1716 1781 bp,>BEAP0096,,,BEAPgoniomonas,,special_Separator,,
>BEAP0096b/1-1714 1781 bp,>BEAP0096b,,,BEAPgoniomonas,,special_Separator,,
>BEAP0122/1-1714 1781 bp,>BEAP0122,,,sister to Poseidogonimonas+Poseidogonimonas or sister+BEAP0150,,special_Separator,,
>BEAP0122b/1-1712 1781 bp,>BEAP0122b,,,sister to Poseidogonimonas+Poseidogonimonas or sister+BEAP0150,,special_Separator,,
>BEAP0123/1-1712 1781 bp,>BEAP0123,,,Thalassogonimonas,,special_Separator,,
>BEAP0141/1-1710 1781 bp,>BEAP0141,,,Thalassogonimonas,,special_Separator,,
>BEAP0150/1-1594 1781 bp,>BEAP0150,,,sister to Poseidogonimonas+Poseidogonimonas or sister,,special_Separator,,
>BEAP0191/1-1710 1781 bp,>BEAP0191,,,Thalassogonimonas,,special_Separator,,
>BEAP0227/1-1711 1781 bp,>BEAP0227,,,Poseidogonimonas or sister,,special_Separator,,
>AY360458_Cryptophyceae|goniomonads|g-Goniomonas|Sophie-group|SH-4-lineage|strain=SH-4/1-2038 1781 bp,>AY360458,"AY360458 (non ""Goniomonas sp"")",,Aquagoniomonas?????,,special_Separator,,
>LC000677_Cryptophyceae|goniomonads|g-Goniomonas|Sophie-group|SH-5-lineage|strain=TGKH7/1-1960 1781 bp,>LC000677,"LC000677 (non ""Goniomonas sp"")",,Aquagoniomonas,,special_Separator,,
>AY705740_Cryptophyceae|goniomonads|g-Goniomonas|Sophie-group|SH-5-lineage|strain=SH-9/1-2044 1781 bp,>AY705740,"AY705740  (non ""Goniomonas sp"")",,Aquagoniomonas,,special_Separator,,
>AY360459_Cryptophyceae|goniomonads|g-Goniomonas|Sophie-group|SH-5-lineage|strain=SH-5/1-1988 1781 bp,>AY360459,"AY360459 (non ""Goniomonas sp"")",,Aquagoniomonas?????,,special_Separator,,
>AY360460_Cryptophyceae|goniomonads|g-Goniomonas|Sophie-group|SH-5-lineage|strain=SH-6/1-1957 1781 bp,>AY360460,"AY360460 (non ""Goniomonas sp"")",,Aquagoniomonas?????,,special_Separator,"Stein 1878, emend. Sachs et Arndt",
>AY705739_Cryptophyceae|goniomonads|g-Goniomonas|Sophie-group|SH-8-lineage|strain=SH-8/1-2046 1781 bp,>AY705739,"AY705739 (non ""Goniomonas sp"")",,sister to Aquagoniomonas+Gonimonas,,special_Separator,,in Cr CR appears sister to only Aquagonimonas(in Cr CR there is no FW-1317)
>FW3-0271_Cryptophyceae|goniomonads|g-Goniomonas|Sophie-group|clone=c-399_conseq_Otu0271_35_freshwater_permafrost/1-1482 1781 bp,>FW3-0271,,,sister to Aquagoniomonas ,,special_Separator,,
>AY360457_Cryptophyceae|goniomonads|g-Goniomonas|Sophie-group|SH-3-lineage|strain=SH-3/1-2046 1781 bp,>AY360457,AY360457 Goniomonas sp.,AY360457,Goniomonas ,,special_Separator,"Stein 1878, emend. Sachs et Arndt",
>FW4-0796_Cryptophyceae|goniomonads|g-Goniomonas|Sophie-group|clone=c-366_conseq_Otu0796_7_freshwater_Skogaryd-fw/1-1436 1781 bp,>FW4-0796,,,Goniomonas ,,special_Separator,"Stein 1878, emend. Sachs et Arndt",
>FW4-1317_Cryptophyceae|goniomonads|g-Goniomonas|Sophie-group|clone=c-361_conseq_Otu1317_3_freshwater_Skogaryd-fw/1-1451 1781 bp,>FW4-1317,,,Goniomonas ,,special_Separator,"Stein 1878, emend. Sachs et Arndt",Sister to Goniomonas rhenensis sp. nov.
>FW3-0381_Cryptophyceae|goniomonads|g-Goniomonas|Gtrun-group|clone=c-1293_conseq_Otu0381_19_freshwater_permafrost/1-1423 1781 bp,>FW3-0381,,,sister to sister to Limnogoniomonas,,special_Separator,,
>SL4-0466_Cryptophyceae|goniomonads|g-Goniomonas|Gtrun-group|clone=c-418_conseq_Otu466_6_soil_Skogaryd-peat/1-1424 1781 bp,>SL4-0466,,,sister to sister to Limnogoniomonas,,special_Separator,,
>FW5-0034_Cryptophyceae|goniomonads|g-Goniomonas|Gtrun-group|clone=c-323_conseq_Otu034_913_freshwater_Svartberget-fw/1-1420 1781 bp,>FW5-0034,,,sister to Limnogoniomonas,,special_Separator,,
>FW3-0548_Cryptophyceae|goniomonads|g-Goniomonas|Gtrun-group|clone=c-1279_conseq_Otu0548_9_freshwater_permafrost/1-1420 1781 bp,>FW3-0548,,,sister to Limnogoniomonas,,special_Separator,,
>FW5-0385_Cryptophyceae|goniomonads|g-Goniomonas|Gtrun-group|clone=c-305_conseq_Otu385_3_freshwater_Svartberget-fw/1-1422 1781 bp,>FW5-0385,,,Limnogoniomonas,,special_Separator,,
>FW3-0449_Cryptophyceae|goniomonads|g-Goniomonas|Gtrun-group|clone=c-1344_conseq_Otu0449_14_freshwater_permafrost/1-1423 1781 bp,>FW3-0449,,,Limnogoniomonas,,special_Separator,,
>HQ659565_Cryptophyceae|goniomonads|g-Goniomonas|Gtrun-group|Goniomonas+truncata|strain=omc3/1-1944 1781 bp,>HQ659565,"HQ659565 (non ""Goniomonas truncata"")",HQ659565,Limnogoniomonas,,special_Separator,,
>U03072___Cryptophyceae|goniomonads|g-Goniomonas|Gtrun-group|Goniomonas+truncata|strain=McFadden-1993/1-1944 1781 bp,>U03072,"U03072 (non ""Goniomonas truncata"")",U03072,Limnogoniomonas,,special_Separator,,
>DQ980479_Cryptophyceae|goniomonads|g-Goniomonas|Gtrun-group|Goniomonas+truncata|strain=TMG005/1-1933 1781 bp,>DQ980479,"DQ980479 (non ""Goniomonas truncata"")",DQ980479,Limnogoniomonas,,special_Separator,,
>FW4-1259_Cryptophyceae|goniomonads|g-Goniomonas|Gtrun-group|clone=m64077_200204_130436_71961079_ccs_single-barcode_Otu1259_3_freshwater_Skogaryd-fw/1-1423 1781 bp,>FW4-1259,,FW4-1259,Limnogoniomonas,,special_Separator,,
>FW4-1155_Cryptophyceae|goniomonads|g-Goniomonas|Gtrun-group|clone=c-116_conseq_Otu1155_4_freshwater_Skogaryd-fw/1-1866 1781 bp,>FW4-1155,,FW4-1155,Limnogoniomonas,,special_Separator,,
>FW1-0651_Cryptophyceae|goniomonads|g-Goniomonas|Gtrun-group|clone=m64077_200204_130436_113509477_ccs_double-barcode_Otu0651_2_freshwater_Erken-fw/1-1418 1781 bp,>FW1-0651,,FW1-0651,Limnogoniomonas,,special_Separator,,
>ON067811_Cryptophyceae|goniomonads|g-Goniomonas|Gtrun-group|Goniomonas+truncata|strain=H4/1-1018 1781 bp,>ON067811,"ON067811 (non ""Goniomonas truncata"")",ON067811,Limnogoniomonas,,special_Separator,,
>AY360455_Cryptophyceae|goniomonads|Gpaci-group|Goniomonas+amphinema|strain=SH-1/1-1788 1781 bp,>AY360455,"AY360455 (non ""Goniomonas sp"")",AY360455,Thalassogonimonas,,special_Separator,,
>AY705738_Cryptophyceae|goniomonads|Gpaci-group|Goniomonas+amphinema|strain=SvdH-2004/1-1745 1781 bp,>AY705738,"AY705738 (non ""Goniomonas amphinema"")",AY705738,Thalassogonimonas,,special_Separator,,
>LC647567_Cryptophyceae|goniomonads|Gpaci-group|Goniomonas+amphinema|strain=NIES-1374/1-1791 1781 bp,>LC647567,"LC647567 (non ""Goniomonas sp"")",LC647567,Thalassogonimonas,,special_Separator,,
>AY360454_Cryptophyceae|goniomonads|Gpaci-group|Goniomonas+amphinema|strain=ATCC-50108/1-1789 1781 bp,>AY360454,"AY360454 (non ""Goniomonas sp"")",AY360454,Thalassogonimonas,,special_Separator,,
>AF508277_Cryptophyceae|goniomonads|Gpaci-group|Goniomonas+pacifica|strain=CCMP-1869/1-1721 1781 bp,>AF508277,AF508277 Cosmogoniomonas pacifica comb. nov.,AF508277,Cosmogoniomonas,pacifica,special_Separator,,
>AY360456_Cryptophyceae|goniomonads|Gpaci-group|Goniomonas+pacifica|strain=SH-2/1-1756 1781 bp,>AY360456,"AY360456 (non ""Goniomonas sp"")",AY360456,Cosmogoniomonas,,special_Separator,,
>EU047707_Cryptophyceae|goniomonads|Gpaci-group|Goniomonas+pacifica|strain=CCAP-980/2/1-1788 1781 bp,>EU047707,EU047707 Cosmogoniomonas amphinema comb. nov.,EU047707,Cosmogoniomonas,amphimena,special_Separator,,
>LC647566_Cryptophyceae|goniomonads|Gpaci-group|Goniomonas+pacifica|strain=NIES-1372/1-1799 1781 bp,>LC647566,"LC647566 (non ""Goniomonas pacifica"")",LC647566,Cosmogoniomonas,,special_Separator,,
>AJ536451_Cryptophyceae|goniomonads|Gpaci-group|Goniomonas+pacifica|strain=Medlin-2003/1-1793 1781 bp,>AJ536451,,AJ536451,Cosmogoniomonas,,special_Separator,,
>LC647565_Cryptophyceae|goniomonads|Gavon-lineage|Goniomonas+avonlea|strain=NIES-1371/1-1799 1781 bp,>LC647565,"LC647565 (non ""Goniomonas amphinema"")",LC647565,Neptunogoniomonas,,special_Separator,,
>JQ434475_Cryptophyceae|goniomonads|Gavon-lineage|Goniomonas+avonlea|strain=CCMP-3327/1-1733 1781 bp,>JQ434475,JQ434475 Neptunogoniomonas avonlea comb. nov.,JQ434475,Neptunogoniomonas,avonlea,special_Separator,,
>HFCC1525/1-1651 1781 bp,>HFCC1525,HFCC1525 Neptunogoniomonas sp.,HFCC1525,Neptunogoniomonas,,special_Separator,,
>HFCC157/1-1650 1781 bp,>HFCC157,HFCC157 Poseidogonimonas azorensis gen. et ap. nov.,HFCC157,Poseidogonimonas,,special_Separator,,
>HFCC162/1-1848 1781 bp,>HFCC162,HFCC162 Limnogoniomonas fijiensis gen. et sp. nov,HFCC162,Limnogoniomonas,fijiensis,special_Separator,,
>HFCC163/1-1968 1781 bp,>HFCC163,HFCC163 Aquagoniomonas sp.,HFCC163,Aquagoniomonas,,special_Separator,,
>HFCC_1666_18S_For_590For_Rev_consensus/1-1598 1781 bp,>HFCC_1666,HFCC1666 Thalassogonimonas helgolandica gen. et sp. nov.,HFCC_1666,Thalassogonimonas,helgolandica,special_Separator,,
>HFCC22/1-1667 1781 bp,>HFCC22,HFCC22 Neptunogoniomonas juergensii gen. et sp. nov.,HFCC22,Neptunogoniomonas,juergensii,special_Separator,,
>HFCC23/1-1974 1781 bp,>HFCC23,HFCC23 Aquagoniomonas mylnikovii gen. et sp. nov.,HFCC23,Aquagoniomonas,,special_Separator,,
>HFCC232/1-1865 1781 bp,>HFCC232,HFCC232 Goniomonas truncata,HFCC232,Goniomonas ,truncata,special_Separator,"Stein 1878, emend. Sachs et Arndt",
>HFCC235/1-1888 1781 bp,>HFCC235,HFCC235 Goniomonas truncata,HFCC235,Goniomonas ,truncata,special_Separator,"Stein 1878, emend. Sachs et Arndt",
>HFCC251/1-1003 1781 bp,>HFCC251,HFCC251 Goniomonas rhenensis sp. nov.,HFCC251,Goniomonas ,rhenensis,special_Separator,"Stein 1878, emend. Sachs et Arndt",
>HFCC272/1-1532 1781 bp,>HFCC272,HFCC272 Marigoniomonas maderiensis gen. et sp. nov.,HFCC272,Marigoniomonas,maderiensis,special_Separator,,
>HFCC5003/1-1584 1781 bp,>HFCC5003,HFCC5003 Marigoniomonas sp.,HFCC5003,Marigoniomonas,,special_Separator,,
>HFCC5007/1-2032 1781 bp,>HFCC5007,HFCC5007 Aquagoniomonas atacamiensis gen. et sp. nov.,HFCC5007,Aquagoniomonas,,special_Separator,,
>HFCC5008/1-1970 1781 bp,>HFCC5008,HFCC5008 Aquagoniomonas sp.,HFCC5008,Aquagoniomonas,,special_Separator,,
>HFCC659/1-1955 1781 bp,>HFCC659,HFCC659 Aquagoniomonas sp.,HFCC659,Aquagoniomonas,,special_Separator,,
>HFCC662/1-1569 1781 bp,>HFCC662,HFCC662 Cosmogoniomonas sp.,HFCC662,Cosmogoniomonas,,special_Separator,,
>HFCC841/1-1696 1781 bp,>HFCC841,HFCC841 Marigoniomonas chilensis gen. et sp. nov.,HFCC841,Marigoniomonas,chilensis,special_Separator,,
>HQ529498_Cryptophyceae|goniomonads|Gpaci-group|DFCe9-lineage|clone=DFCe9/1-974 1781 bp,>HQ529498,,HQ529498,BEAPgoniomonas,,special_Separator,,
>KX431494_Cryptophyceae|goniomonads|HD4ft4-lineage|strain=HD4ft4.18/1-1183 1781 bp,>KX431494,"KX431494 (non ""Goniomonas sp."")",KX431494,Marigoniomonas,,special_Separator,,
>L34670/1-1797 1781 bp,>L34670,,L34670,,,special_Separator,,
>LC683681_Cryptophyceae|goniomonads|Gpaci-group|HAug1-lineage|strain=HJn25M12/1-1749 1781 bp,>LC683681,,LC683681,Marigoniomonas,,special_Separator,,
>LC683686_Cryptophyceae|goniomonads|Gpaci-group|HAug1-lineage|strain=HAug1/1-1749 1781 bp,>LC683686,,LC683686,Marigoniomonas,,special_Separator,,
>MK177625_Cryptophyceae|goniomonads|DDI190-lineage|clone=DDI190.fa/1-1693 1781 bp,>MK177625,"MK177625 (non ""Goniomonas sp."")",MK177625,Neptunogoniomonas,,special_Separator,,
>MT355153_Cryptophyceae|goniomonads|Gpaci-group|HFCC-157-lineage|strain=HFCC-157/1-1740 1781 bp,>MT355153,,MT355153,Poseidogonimonas,,special_Separator,,
>MW381698/1-390 1781 bp,>MW381698,"MW381698 (non ""Goniomonas amphinema"")",MW381698,Thalassogonimonas,,special_Separator,,
>AB058368_Cryptophyceae|Cryptomonadales|lineage-B|g-Geminigera|Geminigera+cryophila|strain=MBIC10575/1-1726 1781 bp,>AB058368,,AB058368,,,special_Separator,,
>AB058389_Cryptophyceae|goniomonads|Gpaci-group|MBIC11052-lineage|strain=MBIC11052/1-1749 1781 bp,>AB058389,,AB058389,Marigoniomonas,,special_Separator,,absent in CR CR but here sister to Marigoniomonas chilensis+maderiensis w 1000 bs
>AB212285_Kathablepharidacea|core-kathablepharids|HK-group|g-Hatena|Hatena+arenicola/1-1721 1781 bp,>AB212285,,AB212285,,,special_Separator,,
>AB231617_Kathablepharidacea|core-kathablepharids|HK-group|g-Katablepharis|Katablepharis+japonica|strain=NIES-1334/1-1710 1781 bp,>AB231617,,AB231617,,,special_Separator,,
>AB240956_Cryptophyceae|Cryptomonadales|lineage-E|Rirregularis-clade|strain=NIES-697/1-1602 1781 bp,>AB240956,,AB240956,,,special_Separator,,
>AB240957_Cryptophyceae|Cryptomonadales|lineage-E|Rpauca-clade|strain=NIES-699/1-1602 1781 bp,>AB240957,,AB240957,,,special_Separator,,
>AB240959_Cryptophyceae|Cryptomonadales|lineage-E|Rpauca-clade|strain=NIES-702/1-1602 1781 bp,>AB240959,,AB240959,,,special_Separator,,
>AB240961_Cryptophyceae|Cryptomonadales|lineage-D|Cafricana-clade|strain=NIES-704/1-1610 1781 bp,>AB240961,,AB240961,,,special_Separator,,
>AB508339_g-Palpitomonas|Palpitomonas+bilix|strain=NIES-2562/1-1724 1781 bp,>AB508339,,AB508339,,,special_Separator,,
>AB772632_Kathablepharidacea|core-kathablepharids|HK-group|g-Hatena|Hatena+arenicola|strain=HY-048/1-1710 1781 bp,>AB772632,,AB772632,,,special_Separator,,
>AF106051/1-1795 1781 bp,>AF106051,,AF106051,,,special_Separator,,
>AF143943_Cryptophyceae|Cryptomonadales|g-Falcomonas|Falcomonas+daucoides|strain=ShP-CSU/1-1734 1781 bp,>AF143943,,AF143943,,,special_Separator,,
>AF508267_Cryptophyceae|Cryptomonadales|g-Cryptomonas|Cryptomonas+pyrenoidifera|strain=CCMP-152/1-1726 1781 bp,>AF508267,,AF508267,,,special_Separator,,
>AF508269_Cryptophyceae|Cryptomonadales|lineage-D|g-Komma|strain=MUCC-231/1-1725 1781 bp,>AF508269,,AF508269,,,special_Separator,,
>AF508272_Cryptophyceae|Cryptomonadales|lineage-B|Plagioselmis+prolonga|strain=MUCC012/1-1727 1781 bp,>AF508272,,AF508272,,,special_Separator,,
>AF508273_Cryptophyceae|Cryptomonadales|lineage-E|Rpauca-clade|strain=Deane-2002/1-1727 1781 bp,>AF508273,,AF508273,,,special_Separator,,
>AF508275_Cryptophyceae|Cryptomonadales|lineage-B|Teleaulax+acuta|strain=MUCC088/1-1724 1781 bp,>AF508275,,AF508275,,,special_Separator,,
>AF508276_Cryptophyceae|Cryptomonadales|lineage-E|Rduplex-clade|strain=CCMP-1868/1-1725 1781 bp,>AF508276,,AF508276,,,special_Separator,,
>AF534711_g-Microheliella|Microheliella+maris|strain=TCS-2002/1-1774 1781 bp,>AF534711,,AF534711,,,special_Separator,,
>AJ007277_Cryptophyceae|Cryptomonadales|lineage-D|g-Chroomonas|Chroomonas+nordstedtii|strain=M1312/1-1763 1781 bp,>AJ007277,,AJ007277,,,special_Separator,,
>AJ007281_Cryptophyceae|Cryptomonadales|g-Cryptomonas|Cryptomonas+obovoidea|strain=M1094/1-1746 1781 bp,>AJ007281,,AJ007281,,,special_Separator,,
>AJ007287_Cryptophyceae|Cryptomonadales|lineage-B|Teleaulax+amphioxeia|strain=SCCAP-K-0434/1-1750 1781 bp,>AJ007287,,AJ007287,,,special_Separator,,
>AJ420696_Cryptophyceae|Cryptomonadales|g-Cryptomonas|strain=SCCAP-K-0063/1-1706 1781 bp,>AJ420696,,AJ420696,,,special_Separator,,
>AJ420699_Cryptophyceae|Cryptomonadales|lineage-D|g-Chroomonas|Chroomonas+debatzensis|strain=M1703/1-1713 1781 bp,>AJ420699,,AJ420699,,,special_Separator,,
>AJ421149_Cryptophyceae|Cryptomonadales|g-Cryptomonas|Cryptomonas+gyropyrenoidosa|strain=M1079/1-1703 1781 bp,>AJ421149,,AJ421149,,,special_Separator,,
>AJ564772/1-1829 1781 bp,>AJ564772,,AJ564772,,,special_Separator,,
>AM051188_Cryptophyceae|Cryptomonadales|g-Cryptomonas|Cryptomonas+borealis|strain=CCAC-0113/1-1659 1781 bp,>AM051188,,AM051188,,,special_Separator,,
>AM051189_Cryptophyceae|Cryptomonadales|g-Cryptomonas|Cryptomonas+curvata|strain=CCAC-0080/1-1684 1781 bp,>AM051189,,AM051189,,,special_Separator,,
>AM051192_Cryptophyceae|Cryptomonadales|g-Cryptomonas|Cryptomonas+marssonii|strain=CCAC-0103/1-1673 1781 bp,>AM051192,,AM051192,,,special_Separator,,
>AM051195_Cryptophyceae|Cryptomonadales|g-Cryptomonas|Cryptomonas+paramecium|strain=M2180/1-1666 1781 bp,>AM051195,,AM051195,,,special_Separator,,
>AM051198_Cryptophyceae|Cryptomonadales|g-Cryptomonas|Cryptomonas+tetrapyrenoidosa|strain=M1092/1-1673 1781 bp,>AM051198,,AM051198,,,special_Separator,,
>AM051200/1-1719 1781 bp,>AM051200,,AM051200,,,special_Separator,,
>AM051201_Cryptophyceae|Cryptomonadales|g-Cryptomonas|Cryptomonas+erosa|strain=M0741/1-1602 1781 bp,>AM051201,,AM051201,,,special_Separator,,
>AM901353_Cryptophyceae|Cryptomonadales|lineage-D|g-Hemiselmis|Hemiselmis+andersenii|strain=CCMP-1180/1-1669 1781 bp,>AM901353,,AM901353,,,special_Separator,,
>AM901354_Cryptophyceae|Cryptomonadales|lineage-D|g-Hemiselmis|Hemiselmis+cryptochromatica|strain=CCMP-1181/1-1662 1781 bp,>AM901354,,AM901354,,,special_Separator,,
>AM901358_Cryptophyceae|Cryptomonadales|lineage-D|g-Komma|Komma+caudata|strain=M1074/1-1585 1781 bp,>AM901358,,AM901358,,,special_Separator,,
>AM901364_Cryptophyceae|Cryptomonadales|g-Cryptomonas|Cryptomonas+commutata|strain=M1975/1-1635 1781 bp,>AM901364,,AM901364,,,special_Separator,,
>AM901365_Cryptophyceae|Cryptomonadales|lineage-D|Cafricana-clade|strain=M2067/1-1660 1781 bp,>AM901365,,AM901365,,,special_Separator,,
>AY642699_Cryptophyceae|CRY1-clade|fw-CRY1-lineage|clone=P1.25/1-1770 1781 bp,>AY642699,,AY642699,,,special_Separator,,
>AY827844/1-1766 1781 bp,>AY827844,,AY827844,,,special_Separator,,
>AY919672_Kathablepharidacea|core-kathablepharids|HK-group|g-Katablepharis|Katablepharis+remigera|strain=Aleshin-2005/1-1743 1781 bp,>AY919672,,AY919672,,,special_Separator,,
>AY919746_Cryptophyceae|CRY1-clade|fw-CRY1-lineage|clone=LG19-05/1-1710 1781 bp,>AY919746,,AY919746,,,special_Separator,,
>DQ222877/1-1801 1781 bp,>DQ222877,,DQ222877,,,special_Separator,,
>DQ244012_Cryptophyceae|CRY1-clade|fw-CRY1-lineage|clone=PFF1AU2004/1-1770 1781 bp,>DQ244012,,DQ244012,,,special_Separator,,
>DQ980481_Kathablepharidacea|core-kathablepharids|g-Leucocryptos|Leucocryptos+marina|strain=NIES-1335/1-1731 1781 bp,>DQ980481,,DQ980481,,,special_Separator,,
>EF172963_Cryptophyceae|CRY3-clade|SSRPD79-lineage|clone=SSRPD79/1-1667 1781 bp,>EF172963,,EF172963,,,special_Separator,,
>EF195733_Cryptophyceae|Cryptomonadales|lineage-E|Rpauca-clade|strain=CR-MAL06/1-1724 1781 bp,>EF195733,,EF195733,,,special_Separator,,
>EF195735_Cryptophyceae|Cryptomonadales|lineage-B|strain=CR-MAL01/1-1746 1781 bp,>EF195735,,EF195735,,,special_Separator,,
>EF195737_Cryptophyceae|Cryptomonadales|lineage-E|strain=CR-MAL03/1-1721 1781 bp,>EF195737,,EF195737,,,special_Separator,,
>EF526832_Cryptophyceae|CRY4-lineage|clone=NA1_3C10/1-1390 1781 bp,>EF526832,,EF526832,,,special_Separator,,
>EU446402_Cryptophyceae|CRY3-clade|cLA13D01-lineage|clone=cLA13D01/1-1544 1781 bp,>EU446402,,EU446402,,,special_Separator,,
>FJ537320_Cryptophyceae|CRY1-clade|hemiarmids|Biosope-group|clone=Biosope_T39.105/1-1781 1781 bp,>FJ537320,,FJ537320,,,special_Separator,,
>FJ969717_Kathablepharidacea|g-Roombia|Roombia+truncata|strain=Okamoto-2009/1-1798 1781 bp,>FJ969717,,FJ969717,,,special_Separator,,
>FM876311_Cryptophyceae|Cryptomonadales|lineage-B|Plagioselmis+nannoplanctica|strain=N750301/1-1764 1781 bp,>FM876311,,FM876311,,,special_Separator,,
>FN690518_Kathablepharidacea|core-kathablepharids|HK-group|g-Katablepharis|5-E5-lineage|clone=5-E5/1-1694 1781 bp,>FN690518,,FN690518,,,special_Separator,,
>FW1-0576_Cryptophyceae|goniomonads|Gpaci-group|clone=m64077_200204_130436_77924002_ccs_double-barcode_Otu0576_3_freshwater_Erken-fw/1-1221 1781 bp,>FW1-0576,,FW1-0576,Poseidogoniomonas???,,special_Separator,,very long branch
>FW2-0517_Kathablepharidacea|core-kathablepharids|clone=c-346_conseq_Otu0517_28_freshwater_Erken-sed/1-1232 1781 bp,>FW2-0517,,FW2-0517,,,special_Separator,,
>FW3-0189_Kathablepharidacea|core-kathablepharids|clone=c-3580_conseq_Otu0189_75_freshwater_permafrost/1-1231 1781 bp,>FW3-0189,,FW3-0189,,,special_Separator,,
>GQ375264_Cryptophyceae|Cryptomonadales|g-Baffinella|Baffinella+frigidus|strain=CCMP-2045/1-1704 1781 bp,>GQ375264,,GQ375264,,,special_Separator,,
>GQ375265_Cryptophyceae|Cryptomonadales|g-Baffinella|Baffinella+frigidus|strain=CCMP-2293/1-1724 1781 bp,>GQ375265,,GQ375265,,,special_Separator,,
>GQ863814/1-1651 1781 bp,>GQ863814,,GQ863814,,,special_Separator,,
>GU067784_Cryptophyceae|CRY1-clade|fw-CRY1-lineage|clone=ESS220206.005/1-1780 1781 bp,>GU067784,,GU067784,,,special_Separator,,
>GU824726_Cryptophyceae|CRY1-clade|hemiarmids|Biosope-group|clone=BCI3F14RM1F08/1-1379 1781 bp,>GU824726,,GU824726,,,special_Separator,,
>HF952557_Cryptophyceae|Cryptomonadales|lineage-E|Rpauca-clade|Rhinomonas+nottbecki|strain=07B5/1-1597 1781 bp,>HF952557,,HF952557,,,special_Separator,,
>HG328376_Cryptophyceae|Cryptomonadales|lineage-D|Cafricana-clade|Chroomonas+africana|strain=Hoef-Emden-2013/1-1628 1781 bp,>HG328376,,HG328376,,,special_Separator,,
>HG328379_Cryptophyceae|Cryptomonadales|lineage-D|g-Komma|strain=NIES-712/1-1705 1781 bp,>HG328379,,HG328379,,,special_Separator,,
>HG328380_Cryptophyceae|Cryptomonadales|lineage-D|Cafricana-clade|strain=NIES-713/1-1695 1781 bp,>HG328380,,HG328380,,,special_Separator,,
>HM126531_Cryptophyceae|Cryptomonadales|lineage-B|Teleaulax+acuta|strain=K-1486/1-1730 1781 bp,>HM126531,,HM126531,,,special_Separator,,
>HM126532_Cryptophyceae|Cryptomonadales|lineage-E|Rpauca-clade|strain=K-1487/1-1732 1781 bp,>HM126532,,HM126532,,,special_Separator,,
>HM126533_Cryptophyceae|Cryptomonadales|lineage-D|g-Hemiselmis|Hemiselmis+tepida|strain=CCMP-442/1-1740 1781 bp,>HM126533,,HM126533,,,special_Separator,,
>HM126534_Cryptophyceae|Cryptomonadales|lineage-D|g-Chroomonas|Chroomonas+gentoftensis|strain=K-0432/1-1744 1781 bp,>HM126534,,HM126534,,,special_Separator,,
>HM126536_Cryptophyceae|Cryptomonadales|g-Proteomonas|Proteomonas+sulcata|strain=CCMP-321/1-1740 1781 bp,>HM126536,,HM126536,,,special_Separator,,
>HQ191418_Kathablepharidacea|core-kathablepharids|PA2009D15-lineage|clone=PA2009D15/1-1740 1781 bp,>HQ191418,,HQ191418,,,special_Separator,,
>HQ219447_Cryptophyceae|CRY1-clade|fw-CRY1-lineage|clone=AY2009D5/1-1747 1781 bp,>HQ219447,,HQ219447,,,special_Separator,,
>JF790984_Cryptophyceae|Cryptomonadales|lineage-D|g-Hemiselmis|strain=1121/1-1777 1781 bp,>JF790984,,JF790984,,,special_Separator,,
>JF791064_Cryptophyceae|CRY3-clade|G-7956-lineage|clone=7956/1-1777 1781 bp,>JF791064,,JF791064,,,special_Separator,,
>JN050857_Cryptophyceae|Cryptomonadales|g-Urgorri|Urgorri+complanatus|strain=Cr1EHU/1-1699 1781 bp,>JN050857,,JN050857,,,special_Separator,,
>JN705499_Kathablepharidacea|core-kathablepharids|HK-group|KAT-1-clade|clone=226Feb24_12E/1-1333 1781 bp,>JN705499,,JN705499,,,special_Separator,,
>JN705503/1-1317 1781 bp,>JN705503,,JN705503,,,special_Separator,,
>JN705519_Kathablepharidacea|core-kathablepharids|HK-group|227Jun21-lineage|clone=227Jun21_08F/1-1392 1781 bp,>JN705519,,JN705519,,,special_Separator,,
>JQ420116_Cryptophyceae|Cryptomonadales|g-Urgorri|clone=Q3-10/1-1753 1781 bp,>JQ420116,,JQ420116,,,special_Separator,,
>KC928311_Cryptophyceae|Cryptomonadales|lineage-D|Cafricana-clade|strain=HB2011-1co/1-1678 1781 bp,>KC928311,,KC928311,,,special_Separator,,
>KC928312_Cryptophyceae|Cryptomonadales|lineage-D|Cafricana-clade|strain=HB2011-2co/1-1682 1781 bp,>KC928312,,KC928312,,,special_Separator,,
>KC928320_Cryptophyceae|Cryptomonadales|lineage-B|Plagioselmis+lacustris|strain=HB2011-4pn/1-1650 1781 bp,>KC928320,,KC928320,,,special_Separator,,
>KF129950_Cryptophyceae|CRY1-clade|ST3960.102-lineage|clone=ST3960.102/1-1739 1781 bp,>KF129950,,KF129950,,,special_Separator,,
>KF734089_Cryptophyceae|Cryptomonadales|g-Baffinella|strain=CRY1V/1-1730 1781 bp,>KF734089,,KF734089,,,special_Separator,,
>KJ762666_Cryptophyceae|CRY3-clade|SSRPD79-lineage|clone=SGYH513/1-1781 1781 bp,>KJ762666,,KJ762666,,,special_Separator,,
>KY980314_Cryptophyceae|Cryptomonadales|lineage-E|strain=BH56_201/1-1664 1781 bp,>KY980314,,KY980314,,,special_Separator,,
>KY980340_Cryptophyceae|Cryptomonadales|lineage-E|strain=BH65_13/1-1664 1781 bp,>KY980340,,KY980340,,,special_Separator,,
>LC151286_Cryptophyceae|CRY1-clade|hemiarmids|g-Hemiarma|Hemiarma+marina|strain=SRT149/1-1655 1781 bp,>LC151286,,LC151286,,,special_Separator,,
>MH107134_Cryptophyceae|Cryptomonadales|lineage-E|Rduplex-clade|strain=rCR01_LOHABE/1-1698 1781 bp,>MH107134,,MH107134,,,special_Separator,,
>MK828429_Cryptophyceae|Cryptomonadales|g-Proteomonas|strain=CCMP-2715/1-1712 1781 bp,>MK828429,,MK828429,,,special_Separator,,
>MK828431_Cryptophyceae|Cryptomonadales|lineage-E|Rabbreviata-clade|strain=CCMP-1178/1-1701 1781 bp,>MK828431,,MK828431,,,special_Separator,,
>SF1-0435_Cryptophyceae|CRY3-clade|SSRPD79-lineage|clone=c-4220_conseq_Otu0435_29_surface_Ms1-DCM/1-1227 1781 bp,>SF1-0435,,SF1-0435,,,special_Separator,,
>SL5-0266_Kathablepharidacea|KAT-1-lineage|clone=c-1611_conseq_Otu266_11_soil_Svartberget-peat/1-1232 1781 bp,>SL5-0266,,SL5-0266,,,special_Separator,,
>U53126___Cryptophyceae|Cryptomonadales|lineage-C|g-Hanusia|Hanusia+phi|strain=CCMP-325/1-1756 1781 bp,>U53126,,U53126,,,special_Separator,,
>U53130___Cryptophyceae|Cryptomonadales|lineage-E|Rpauca-clade|Storeatula+major|strain=CCMP-320/1-1768 1781 bp,>U53130,,U53130,,,special_Separator,,
>U53132___Cryptophyceae|Cryptomonadales|lineage-E|Rpauca-clade|Rhinomonas+pauca|strain=MUCC-Cr-47/1-1770 1781 bp,>U53132,,U53132,,,special_Separator,,
>X54276___Cryptophyceae|Cryptomonadales|lineage-E|Rirregularis-clade|strain=Wolters-1990/1-1762 1781 bp,>X54276,,X54276,,,special_Separator,,
>X57162___Cryptophyceae|Cryptomonadales|lineage-C|g-Guillardia|Guillardia+theta|strain=Gray-1991/1-1773 1781 bp,>X57162,,X57162,,,special_Separator,,
>X68483/1-1797 1781 bp,>X68483,,X68483,,,special_Separator,,
>X70803/1-1816 1781 bp,>X70803,,X70803,,,special_Separator,,
>X77480/1-1801 1781 bp,>X77480,,X77480,,,special_Separator,,
>X81373___Cryptophyceae|Cryptomonadales|lineage-E|Rpauca-clade|strain=Schorpp-1994/1-1756 1781 bp,>X81373,,X81373,,,special_Separator,,
